ID,Mã Tài Xế,Họ và Tên,Số Điện Thoại,Bằng Lái,Địa Bàn,Tuyến Chính,Trạng Thái,Biển Số Xe,Lương Cơ Bản,Đơn Giá Km,Số Chuyến Đăng Ký,Số Chuyến Hoàn Thành,Số Chuyến Đang Chạy,Tổng Km Đã Đi,Lương Chuyến Đi,Tổng Lương Thực Nhận
977,TX-7342-977,"Đặng Anh Dũng",0953141817,E-93038,"Hà Nội","Hà Nội ➔ Nha Trang",ON_TRIP,29B-109.77,5000000,2000,4,0,4,0,0,5000000
528,TX-3023-528,"Đặng Anh Dũng",0977847597,E-17715,"Bến xe Phan Thiết","TP. Hồ Chí Minh ➔ Phan Thiết",RESTING,51B-105.28,5000000,2000,1,0,1,0,0,5000000
115,TX-7621-115,"Đặng Anh Hải",0995442745,E-75354,"Bến xe phía Nam Nha Trang","Nha Trang ➔ TP. Hồ Chí Minh",ON_TRIP,79B-101.15,5000000,2000,0,0,0,0,0,5000000
62,TX-2106-62,"Đặng Anh Long",0958353687,E-36108,"Bến xe Trung tâm Cần Thơ","Cần Thơ ➔ Nha Trang",ON_TRIP,72B-100.62,5000000,2000,0,0,0,0,0,5000000
505,TX-0641-505,"Đặng Anh Phong",0950531965,E-83857,"Bến xe Liên tỉnh Đà Lạt","Hà Nội ➔ Đà Lạt",AVAILABLE,29B-105.05,5000000,2000,2,0,2,0,0,5000000
932,TX-2934-932,"Đặng Anh Quang",0923100787,E-50775,"Bến xe Trung tâm Cần Thơ","Cần Thơ ➔ Nha Trang",ON_TRIP,65B-109.32,5000000,2000,0,0,0,0,0,5000000
66,TX-2503-66,"Đặng Anh Sơn",0957130388,E-88526,"TP. Hồ Chí Minh","Vũng Tàu ➔ TP. Hồ Chí Minh",AVAILABLE,49B-100.66,5000000,2000,13,0,13,0,0,5000000
165,TX-3242-165,"Đặng Anh Trung",0921168505,E-70967,"Bến xe Mỹ Đình","Đà Lạt ➔ Hà Nội",AVAILABLE,43B-101.65,5000000,2000,2,0,2,0,0,5000000
640,TX-4040-640,"Đặng Anh Trung",0964077996,E-58868,"Bến xe Miền Đông mới","TP. Hồ Chí Minh ➔ Nha Trang",RESTING,51B-106.40,5000000,2000,1,1,0,430,860000,5860000
894,TX-9137-894,"Đặng Anh Trung",0937186028,E-19418,"Bến xe Vũng Tàu","Vũng Tàu ➔ Cần Thơ",AVAILABLE,72B-108.94,5000000,2000,0,0,0,0,0,5000000
753,TX-5071-753,"Đặng Đức Dũng",0945768431,E-20992,"Hà Nội","Hà Nội ➔ Nha Trang",ON_TRIP,29B-107.53,5000000,2000,2,0,2,0,0,5000000
320,TX-0235-320,"Đặng Đức Dũng",0914034364,E-56497,"Bến xe phía Nam Nha Trang","Nha Trang ➔ Phan Thiết",AVAILABLE,51B-103.20,5000000,2000,1,0,1,0,0,5000000
874,TX-7134-874,"Đặng Đức Hải",0942533416,E-14994,"Bến xe Liên tỉnh Đà Lạt","Đà Lạt ➔ Hà Nội",ON_TRIP,49B-108.74,5000000,2000,2,0,2,0,0,5000000
267,TX-4364-267,"Đặng Đức Hải",0939487596,E-85793,"Bến xe Trung tâm Cần Thơ","Cần Thơ ➔ Hà Nội",ON_TRIP,79B-102.67,5000000,2000,2,0,2,0,0,5000000
547,TX-4974-547,"Đặng Đức Hải",0968996968,E-86813,"Nha Trang","Nha Trang ➔ Cần Thơ",AVAILABLE,79B-105.47,5000000,2000,5,0,5,0,0,5000000
850,TX-4694-850,"Đặng Đức Long",0940433514,E-84723,"Bến xe Phan Thiết","Đà Lạt ➔ Phan Thiết",AVAILABLE,49B-108.50,5000000,2000,0,0,0,0,0,5000000
993,TX-8849-993,"Đặng Đức Nam",0927952063,E-25814,"Hà Nội","Hà Nội ➔ Đà Lạt",ON_TRIP,29B-109.93,5000000,2000,6,0,6,0,0,5000000
493,TX-9423-493,"Đặng Đức Phong",0922699549,E-93080,"Bến xe Trung tâm Cần Thơ","Cần Thơ ➔ TP. Hồ Chí Minh",AVAILABLE,43B-104.93,5000000,2000,1,0,1,0,0,5000000
112,TX-7316-112,"Đặng Đức Phong",0977849084,E-65467,"Phan Thiết","Phan Thiết ➔ Vũng Tàu",ON_TRIP,51B-101.12,5000000,2000,0,0,0,0,0,5000000
313,TX-9472-313,"Đặng Đức Tuấn",0912717187,E-97458,"Hà Nội","Hà Nội ➔ TP. Hồ Chí Minh",ON_TRIP,29B-103.13,5000000,2000,0,0,0,0,0,5000000
453,TX-4922-453,"Đặng Đức Thắng",0975087109,E-18678,"Bến xe Vũng Tàu","Vũng Tàu ➔ Đà Lạt",AVAILABLE,43B-104.53,5000000,2000,0,0,0,0,0,5000000
224,TX-9641-224,"Đặng Đức Trung",0955688867,E-88934,"Bến xe Liên tỉnh Đà Lạt","Vũng Tàu ➔ Đà Lạt",AVAILABLE,51B-102.24,5000000,2000,0,0,0,0,0,5000000
809,TX-0506-809,"Đặng Hải Dũng",0993850042,E-91720,"Bến xe Mỹ Đình","Hà Nội ➔ Đà Nẵng",ON_TRIP,29B-108.09,5000000,2000,3,1,2,760,1520000,6520000
297,TX-7686-297,"Đặng Hải Dũng",0912416204,E-25588,"Hà Nội","Hà Nội ➔ Nha Trang",ON_TRIP,29B-102.97,5000000,2000,1,0,1,0,0,5000000
144,TX-0740-144,"Đặng Hải Phong",0965338958,E-96307,"Bến xe Trung tâm Đà Nẵng","Đà Nẵng ➔ Cần Thơ",ON_TRIP,51B-101.44,5000000,2000,0,0,0,0,0,5000000
543,TX-4564-543,"Đặng Hải Phong",0990317275,E-97705,"Phan Thiết","Phan Thiết ➔ Nha Trang",AVAILABLE,86B-105.43,5000000,2000,6,0,6,0,0,5000000
590,TX-9274-590,"Đặng Hải Quang",0979733094,E-25023,"Vũng Tàu","Vũng Tàu ➔ Đà Nẵng",ON_TRIP,72B-105.90,5000000,2000,2,0,2,0,0,5000000
637,TX-3755-637,"Đặng Hải Tuấn",0919679069,E-67664,"Đà Nẵng","Đà Nẵng ➔ Cần Thơ",ON_TRIP,43B-106.37,5000000,2000,1,0,1,0,0,5000000
262,TX-3826-262,"Đặng Hải Trung",0936852466,E-53281,"Bến xe Miền Đông mới","Đà Nẵng ➔ TP. Hồ Chí Minh",AVAILABLE,72B-102.62,5000000,2000,2,0,2,0,0,5000000
109,TX-6991-109,"Đặng Hải Trung",0938948537,E-96939,"Bến xe Miền Đông mới","TP. Hồ Chí Minh ➔ Đà Lạt",ON_TRIP,43B-101.09,5000000,2000,1,0,1,0,0,5000000
111,TX-7206-111,"Đặng Hữu Dũng",0972101817,E-31828,"Bến xe Miền Đông mới","TP. Hồ Chí Minh ➔ Đà Lạt",RESTING,86B-101.11,5000000,2000,1,0,1,0,0,5000000
595,TX-9775-595,"Đặng Hữu Dũng",0956907863,E-85640,"Nha Trang","Nha Trang ➔ Đà Lạt",ON_TRIP,79B-105.95,5000000,2000,4,0,4,0,0,5000000
464,TX-6145-464,"Đặng Hữu Dũng",0921726944,E-23328,"Bến xe phía Nam Nha Trang","TP. Hồ Chí Minh ➔ Nha Trang",AVAILABLE,51B-104.64,5000000,2000,2,0,2,0,0,5000000
44,TX-0314-44,"Đặng Hữu Dũng",0941757129,E-83429,"Bến xe phía Nam Nha Trang","Nha Trang ➔ TP. Hồ Chí Minh",ON_TRIP,65B-100.44,5000000,2000,0,0,0,0,0,5000000
189,TX-5863-189,"Đặng Hữu Dũng",0971901875,E-97971,"Đà Lạt","Đà Lạt ➔ Phan Thiết",ON_TRIP,43B-101.89,5000000,2000,2,0,2,0,0,5000000
518,TX-2006-518,"Đặng Hữu Hải",0936132906,E-76587,"Bến xe Vũng Tàu","Vũng Tàu ➔ Đà Lạt",ON_TRIP,72B-105.18,5000000,2000,1,0,1,0,0,5000000
367,TX-5317-367,"Đặng Hữu Phong",0933531940,E-55784,"Bến xe Miền Đông mới","Cần Thơ ➔ TP. Hồ Chí Minh",AVAILABLE,86B-103.67,5000000,2000,0,0,0,0,0,5000000
783,TX-8036-783,"Đặng Hữu Sơn",0969702006,E-81268,"Phan Thiết","Phan Thiết ➔ Đà Nẵng",ON_TRIP,86B-107.83,5000000,2000,0,0,0,0,0,5000000
691,TX-8995-691,"Đặng Hữu Sơn",0956347252,E-35379,"Nha Trang","Nha Trang ➔ TP. Hồ Chí Minh",AVAILABLE,79B-106.91,5000000,2000,2,0,2,0,0,5000000
727,TX-2443-727,"Đặng Hữu Tuấn",0944111176,E-74804,"Bến xe phía Nam Nha Trang","Phan Thiết ➔ Nha Trang",RESTING,86B-107.27,5000000,2000,2,0,2,0,0,5000000
257,TX-3229-257,"Đặng Hữu Thắng",0982463551,E-25262,"Hà Nội","Hà Nội ➔ Nha Trang",ON_TRIP,29B-102.57,5000000,2000,1,0,1,0,0,5000000
213,TX-8461-213,"Đặng Hữu Thắng",0932059608,E-19363,"Nha Trang","Nha Trang ➔ Đà Lạt",AVAILABLE,43B-102.13,5000000,2000,0,0,0,0,0,5000000
143,TX-0630-143,"Đặng Minh Dũng",0949176294,E-26464,"Bến xe phía Nam Nha Trang","Phan Thiết ➔ Nha Trang",AVAILABLE,86B-101.43,5000000,2000,6,0,6,0,0,5000000
893,TX-9038-893,"Đặng Minh Hải",0916763066,E-14702,"Bến xe Trung tâm Đà Nẵng","Đà Nẵng ➔ Nha Trang",RESTING,43B-108.93,5000000,2000,1,0,1,0,0,5000000
917,TX-1426-917,"Đặng Minh Hải",0932406856,E-83870,"Bến xe Liên tỉnh Đà Lạt","Đà Nẵng ➔ Đà Lạt",AVAILABLE,43B-109.17,5000000,2000,4,0,4,0,0,5000000
408,TX-9828-408,"Đặng Minh Long",0955235206,E-25233,"Bến xe Phan Thiết","Cần Thơ ➔ Phan Thiết",RESTING,51B-104.08,5000000,2000,1,0,1,0,0,5000000
341,TX-2524-341,"Đặng Minh Long",0910244062,E-73188,"Bến xe Liên tỉnh Đà Lạt","Đà Nẵng ➔ Đà Lạt",AVAILABLE,43B-103.41,5000000,2000,0,0,0,0,0,5000000
552,TX-5452-552,"Đặng Minh Long",0917377612,E-63398,"TP. Hồ Chí Minh","TP. Hồ Chí Minh ➔ Hà Nội",ON_TRIP,51B-105.52,5000000,2000,3,0,3,0,0,5000000
391,TX-7975-391,"Đặng Minh Long",0970734878,E-66993,"Bến xe Phan Thiết","Phan Thiết ➔ Đà Nẵng",RESTING,86B-103.91,5000000,2000,2,0,2,0,0,5000000
199,TX-6951-199,"Đặng Minh Phong",0986053009,E-18076,"Bến xe Miền Đông mới","TP. Hồ Chí Minh ➔ Đà Lạt",AVAILABLE,86B-101.99,5000000,2000,1,1,0,310,620000,5620000
838,TX-3443-838,"Đặng Minh Phong",0951201622,E-37347,"Bến xe phía Nam Nha Trang","Vũng Tàu ➔ Nha Trang",ON_TRIP,72B-108.38,5000000,2000,1,0,1,0,0,5000000
748,TX-4547-748,"Đặng Minh Sơn",0934932536,E-26344,"Bến xe Trung tâm Cần Thơ","Cần Thơ ➔ Nha Trang",RESTING,65B-107.48,5000000,2000,1,0,1,0,0,5000000
92,TX-5226-92,"Đặng Minh Sơn",0929078163,E-96841,"Bến xe Phan Thiết","Đà Nẵng ➔ Phan Thiết",AVAILABLE,65B-100.92,5000000,2000,1,0,1,0,0,5000000
662,TX-6144-662,"Đặng Minh Tuấn",0970213313,E-94045,"Vũng Tàu","Vũng Tàu ➔ TP. Hồ Chí Minh",AVAILABLE,72B-106.62,5000000,2000,2,0,2,0,0,5000000
329,TX-1266-329,"Đặng Minh Tuấn",0940034705,E-14111,"Hà Nội","Hà Nội ➔ Đà Lạt",ON_TRIP,29B-103.29,5000000,2000,1,0,1,0,0,5000000
833,TX-2927-833,"Đặng Minh Tuấn",0930795651,E-67570,"Bến xe Trung tâm Đà Nẵng","Hà Nội ➔ Đà Nẵng",AVAILABLE,29B-108.33,5000000,2000,4,0,4,0,0,5000000
831,TX-2737-831,"Đặng Minh Thắng",0927571836,E-98039,"Phan Thiết","Phan Thiết ➔ TP. Hồ Chí Minh",ON_TRIP,86B-108.31,5000000,2000,3,0,3,0,0,5000000
364,TX-4999-364,"Đặng Minh Thắng",0981698258,E-81036,"Bến xe Mỹ Đình","Phan Thiết ➔ Hà Nội",AVAILABLE,65B-103.64,5000000,2000,2,0,2,0,0,5000000
717,TX-1457-717,"Đặng Minh Thắng",0994344939,E-78307,"Bến xe Mỹ Đình","Đà Nẵng ➔ Hà Nội",AVAILABLE,43B-107.17,5000000,2000,2,1,1,760,1520000,6520000
286,TX-6459-286,"Đặng Quang Dũng",0955776213,E-28461,"Bến xe Miền Đông mới","Đà Nẵng ➔ TP. Hồ Chí Minh",AVAILABLE,72B-102.86,5000000,2000,1,0,1,0,0,5000000
449,TX-4486-449,"Đặng Quang Hải",0923249336,E-50241,"Bến xe Trung tâm Đà Nẵng","Đà Nẵng ➔ Vũng Tàu",RESTING,29B-104.49,5000000,2000,1,0,1,0,0,5000000
956,TX-5362-956,"Đặng Quang Hải",0987973943,E-39308,"Bến xe Miền Đông mới","Cần Thơ ➔ TP. Hồ Chí Minh",AVAILABLE,65B-109.56,5000000,2000,6,0,6,0,0,5000000
867,TX-6437-867,"Đặng Quang Hải",0995354922,E-28005,"Bến xe phía Nam Nha Trang","Nha Trang ➔ Vũng Tàu",AVAILABLE,79B-108.67,5000000,2000,2,0,2,0,0,5000000
962,TX-5928-962,"Đặng Quang Hải",0934889910,E-49626,"Bến xe Trung tâm Cần Thơ","Đà Lạt ➔ Cần Thơ",RESTING,49B-109.62,5000000,2000,5,0,5,0,0,5000000
83,TX-4246-83,"Đặng Quang Long",0930982165,E-80312,"Bến xe Liên tỉnh Đà Lạt","Đà Lạt ➔ Nha Trang",ON_TRIP,79B-100.83,5000000,2000,0,0,0,0,0,5000000
682,TX-8139-682,"Đặng Quang Nam",0947535971,E-10753,"Bến xe phía Nam Nha Trang","Đà Lạt ➔ Nha Trang",AVAILABLE,49B-106.82,5000000,2000,1,0,1,0,0,5000000
825,TX-2115-825,"Đặng Quang Nam",0932597859,E-21500,"Hà Nội","Hà Nội ➔ Đà Lạt",ON_TRIP,29B-108.25,5000000,2000,4,0,4,0,0,5000000
403,TX-9279-403,"Đặng Quang Phong",0936176346,E-30256,"Bến xe Trung tâm Cần Thơ","Đà Nẵng ➔ Cần Thơ",AVAILABLE,79B-104.03,5000000,2000,1,0,1,0,0,5000000
644,TX-4417-644,"Đặng Quang Quang",0926485840,E-53865,"Cần Thơ","Cần Thơ ➔ Nha Trang",AVAILABLE,65B-106.44,5000000,2000,5,0,5,0,0,5000000
810,TX-0607-810,"Đặng Quang Quang",0962063376,E-94596,"Bến xe Liên tỉnh Đà Lạt","Đà Lạt ➔ Đà Nẵng",AVAILABLE,49B-108.10,5000000,2000,0,0,0,0,0,5000000
891,TX-8838-891,"Đặng Quang Sơn",0918685229,E-19410,"Nha Trang","Nha Trang ➔ Đà Lạt",AVAILABLE,79B-108.91,5000000,2000,3,0,3,0,0,5000000
398,TX-8737-398,"Đặng Quang Tuấn",0910387986,E-17181,"Vũng Tàu","Vũng Tàu ➔ TP. Hồ Chí Minh",AVAILABLE,72B-103.98,5000000,2000,5,0,5,0,0,5000000
61,TX-2007-61,"Đặng Quang Thắng",0926281717,E-66666,"Vũng Tàu","Vũng Tàu ➔ Đà Nẵng",ON_TRIP,43B-100.61,5000000,2000,0,0,0,0,0,5000000
954,TX-5161-954,"Đặng Quang Trung",0995748888,E-59027,"Đà Lạt","Đà Lạt ➔ Cần Thơ",AVAILABLE,49B-109.54,5000000,2000,2,0,2,0,0,5000000
418,TX-0928-418,"Đặng Thành Dũng",0952400634,E-88011,"Bến xe Liên tỉnh Đà Lạt","Đà Lạt ➔ Nha Trang",RESTING,49B-104.18,5000000,2000,10,0,10,0,0,5000000
499,TX-0039-499,"Đặng Thành Long",0919620274,E-41201,"Nha Trang","Nha Trang ➔ TP. Hồ Chí Minh",AVAILABLE,79B-104.99,5000000,2000,2,0,2,0,0,5000000
457,TX-5342-457,"Đặng Thành Long",0962338137,E-47845,"Bến xe Vũng Tàu","TP. Hồ Chí Minh ➔ Vũng Tàu",AVAILABLE,29B-104.57,5000000,2000,1,0,1,0,0,5000000
424,TX-1606-424,"Đặng Thành Nam",0937690213,E-92994,"Bến xe Liên tỉnh Đà Lạt","TP. Hồ Chí Minh ➔ Đà Lạt",RESTING,51B-104.24,5000000,2000,1,0,1,0,0,5000000
995,TX-9036-995,"Đặng Thành Phong",0933163905,E-90813,"Nha Trang","Nha Trang ➔ TP. Hồ Chí Minh",ON_TRIP,79B-109.95,5000000,2000,10,0,10,0,0,5000000
604,TX-0633-604,"Đặng Thành Phong",0998931300,E-92645,"Bến xe Trung tâm Cần Thơ","Cần Thơ ➔ Phan Thiết",RESTING,65B-106.04,5000000,2000,1,0,1,0,0,5000000
7,TX-6655-7,"Đặng Thành Phong",0933196478,E-34027,"Bến xe Miền Đông mới","TP. Hồ Chí Minh ➔ Đà Lạt",ON_TRIP,86B-100.07,5000000,2000,0,0,0,0,0,5000000
395,TX-8404-395,"Đặng Thành Sơn",0929117374,E-77801,"Bến xe Phan Thiết","Phan Thiết ➔ TP. Hồ Chí Minh",AVAILABLE,79B-103.95,5000000,2000,1,0,1,0,0,5000000
740,TX-3755-740,"Đặng Thành Sơn",0938519504,E-50939,"Bến xe Trung tâm Cần Thơ","Cần Thơ ➔ Phan Thiết",ON_TRIP,65B-107.40,5000000,2000,2,0,2,0,0,5000000
695,TX-9371-695,"Đặng Thành Tuấn",0928729360,E-95099,"Bến xe Phan Thiết","Phan Thiết ➔ Cần Thơ",AVAILABLE,86B-106.95,5000000,2000,4,0,4,0,0,5000000
308,TX-8898-308,"Đặng Thành Tuấn",0938254717,E-32241,"Bến xe phía Nam Nha Trang","Đà Nẵng ➔ Nha Trang",RESTING,65B-103.08,5000000,2000,1,0,1,0,0,5000000
20,TX-7963-20,"Đặng Thành Trung",0919492493,E-60360,"Cần Thơ","Cần Thơ ➔ Đà Lạt",ON_TRIP,65B-100.20,5000000,2000,0,0,0,0,0,5000000
965,TX-6212-965,"Đặng Văn Hải",0958674138,E-55727,"Bến xe phía Nam Nha Trang","Đà Nẵng ➔ Nha Trang",ON_TRIP,43B-109.65,5000000,2000,3,0,3,0,0,5000000
943,TX-4038-943,"Đặng Văn Long",0923655031,E-76973,"Bến xe Liên tỉnh Đà Lạt","Phan Thiết ➔ Đà Lạt",AVAILABLE,86B-109.43,5000000,2000,0,0,0,0,0,5000000
703,TX-0126-703,"Đặng Văn Nam",0933114887,E-13747,"Bến xe Liên tỉnh Đà Lạt","Phan Thiết ➔ Đà Lạt",RESTING,86B-107.03,5000000,2000,2,0,2,0,0,5000000
252,TX-2700-252,"Đặng Văn Phong",0934386427,E-34022,"Bến xe Mỹ Đình","Cần Thơ ➔ Hà Nội",AVAILABLE,65B-102.52,5000000,2000,2,0,2,0,0,5000000
925,TX-2235-925,"Đặng Văn Phong",0956839042,E-34834,"Đà Nẵng","Đà Nẵng ➔ Vũng Tàu",ON_TRIP,43B-109.25,5000000,2000,3,0,3,0,0,5000000
933,TX-3032-933,"Đặng Văn Quang",0944532359,E-26798,"Bến xe Trung tâm Đà Nẵng","Đà Nẵng ➔ Phan Thiết",ON_TRIP,43B-109.33,5000000,2000,3,0,3,0,0,5000000
591,TX-9396-591,"Đặng Văn Tuấn",0926904488,E-50308,"Bến xe Phan Thiết","Phan Thiết ➔ Vũng Tàu",RESTING,86B-105.91,5000000,2000,1,0,1,0,0,5000000
586,TX-8858-586,"Đặng Văn Tuấn",0952557153,E-85045,"Bến xe Liên tỉnh Đà Lạt","Đà Lạt ➔ Cần Thơ",ON_TRIP,49B-105.86,5000000,2000,1,0,1,0,0,5000000
32,TX-9138-32,"Đặng Văn Tuấn",0929924781,E-74730,"Bến xe Phan Thiết","Phan Thiết ➔ Đà Lạt",ON_TRIP,51B-100.32,5000000,2000,0,0,0,0,0,5000000
614,TX-1582-614,"Đặng Văn Thắng",0953348584,E-73402,"Vũng Tàu","Vũng Tàu ➔ Đà Nẵng",AVAILABLE,72B-106.14,5000000,2000,5,0,5,0,0,5000000
317,TX-9904-317,"Đặng Văn Trung",0978344468,E-64083,"Bến xe Mỹ Đình","Đà Nẵng ➔ Hà Nội",AVAILABLE,43B-103.17,5000000,2000,2,0,2,0,0,5000000
239,TX-1281-239,"Đặng Văn Trung",0918951271,E-44671,"Bến xe Trung tâm Đà Nẵng","Cần Thơ ➔ Đà Nẵng",AVAILABLE,86B-102.39,5000000,2000,2,0,2,0,0,5000000
60,TX-1903-60,"Đặng Văn Trung",0945578017,E-98263,"Bến xe Trung tâm Đà Nẵng","Đà Lạt ➔ Đà Nẵng",ON_TRIP,65B-100.60,5000000,2000,1,0,1,0,0,5000000
872,TX-6937-872,"Hoàng Anh Dũng",0922217887,E-67885,"Bến xe Phan Thiết","TP. Hồ Chí Minh ➔ Phan Thiết",AVAILABLE,51B-108.72,5000000,2000,0,0,0,0,0,5000000
207,TX-7811-207,"Hoàng Anh Dũng",0992775108,E-65314,"Bến xe Vũng Tàu","Vũng Tàu ➔ Cần Thơ",AVAILABLE,86B-102.07,5000000,2000,1,0,1,0,0,5000000
331,TX-1463-331,"Hoàng Anh Hải",0970482058,E-71322,"Bến xe Trung tâm Đà Nẵng","Đà Nẵng ➔ Cần Thơ",ON_TRIP,79B-103.31,5000000,2000,1,0,1,0,0,5000000
842,TX-3853-842,"Hoàng Anh Long",0991229006,E-53958,"Bến xe Phan Thiết","Đà Lạt ➔ Phan Thiết",RESTING,49B-108.42,5000000,2000,1,0,1,0,0,5000000
22,TX-8157-22,"Hoàng Anh Long",0928533601,E-87925,"Bến xe Liên tỉnh Đà Lạt","Đà Lạt ➔ Phan Thiết",ON_TRIP,72B-100.22,5000000,2000,0,0,0,0,0,5000000
774,TX-7151-774,"Hoàng Anh Nam",0998830706,E-76791,"Bến xe Vũng Tàu","Vũng Tàu ➔ Cần Thơ",AVAILABLE,72B-107.74,5000000,2000,1,0,1,0,0,5000000
436,TX-2956-436,"Hoàng Anh Phong",0999187843,E-34212,"Bến xe Miền Đông mới","TP. Hồ Chí Minh ➔ Đà Lạt",AVAILABLE,65B-104.36,5000000,2000,1,0,1,0,0,5000000
688,TX-8711-688,"Hoàng Anh Quang",0921701906,E-20376,"Bến xe Vũng Tàu","TP. Hồ Chí Minh ➔ Vũng Tàu",AVAILABLE,51B-106.88,5000000,2000,0,0,0,0,0,5000000
646,TX-4614-646,"Hoàng Anh Quang",0983297307,E-49424,"Bến xe Vũng Tàu","Vũng Tàu ➔ TP. Hồ Chí Minh",RESTING,72B-106.46,5000000,2000,2,1,1,100,200000,5200000
967,TX-6403-967,"Hoàng Anh Sơn",0966807929,E-14750,"Bến xe Mỹ Đình","Phan Thiết ➔ Hà Nội",RESTING,86B-109.67,5000000,2000,3,0,3,0,0,5000000
980,TX-7625-980,"Hoàng Anh Sơn",0987572604,E-96282,"Bến xe phía Nam Nha Trang","Cần Thơ ➔ Nha Trang",AVAILABLE,65B-109.80,5000000,2000,1,0,1,0,0,5000000
907,TX-0437-907,"Hoàng Anh Sơn",0957225134,E-49646,"Bến xe phía Nam Nha Trang","Nha Trang ➔ Đà Nẵng",RESTING,79B-109.07,5000000,2000,1,0,1,0,0,5000000
153,TX-1718-153,"Hoàng Anh Tuấn",0932626738,E-31877,"Bến xe Trung tâm Cần Thơ","Cần Thơ ➔ TP. Hồ Chí Minh",RESTING,29B-101.53,5000000,2000,2,0,2,0,0,5000000
492,TX-9317-492,"Hoàng Anh Tuấn",0940400112,E-34416,"Cần Thơ","Cần Thơ ➔ Vũng Tàu",ON_TRIP,65B-104.92,5000000,2000,2,0,2,0,0,5000000
379,TX-6670-379,"Hoàng Anh Trung",0955173492,E-22108,"Vũng Tàu","Vũng Tàu ➔ TP. Hồ Chí Minh",AVAILABLE,79B-103.79,5000000,2000,1,0,1,0,0,5000000
369,TX-5565-369,"Hoàng Đức Dũng",0928862519,E-13357,"Bến xe phía Nam Nha Trang","Hà Nội ➔ Nha Trang",AVAILABLE,29B-103.69,5000000,2000,2,0,2,0,0,5000000
405,TX-9500-405,"Hoàng Đức Hải",0985110655,E-81548,"Bến xe Liên tỉnh Đà Lạt","Phan Thiết ➔ Đà Lạt",AVAILABLE,43B-104.05,5000000,2000,0,0,0,0,0,5000000
778,TX-7544-778,"Hoàng Đức Long",0914627340,E-27825,"Bến xe Liên tỉnh Đà Lạt","Đà Lạt ➔ Cần Thơ",ON_TRIP,49B-107.78,5000000,2000,0,0,0,0,0,5000000
370,TX-5675-370,"Hoàng Đức Nam",0920317606,E-59668,"Bến xe Trung tâm Cần Thơ","Phan Thiết ➔ Cần Thơ",RESTING,49B-103.70,5000000,2000,1,1,0,380,760000,5760000
138,TX-0077-138,"Hoàng Đức Nam",0937330410,E-76076,"Bến xe phía Nam Nha Trang","Cần Thơ ➔ Nha Trang",AVAILABLE,49B-101.38,5000000,2000,0,0,0,0,0,5000000
885,TX-8234-885,"Hoàng Đức Nam",0943190952,E-18079,"Bến xe Trung tâm Đà Nẵng","Đà Nẵng ➔ Phan Thiết",RESTING,43B-108.85,5000000,2000,1,0,1,0,0,5000000
231,TX-0374-231,"Hoàng Đức Phong",0911361981,E-21259,"Bến xe Miền Đông mới","TP. Hồ Chí Minh ➔ Phan Thiết",AVAILABLE,86B-102.31,5000000,2000,0,0,0,0,0,5000000
699,TX-9746-699,"Hoàng Đức Quang",0916197622,E-10421,"Bến xe Phan Thiết","Nha Trang ➔ Phan Thiết",AVAILABLE,79B-106.99,5000000,2000,1,0,1,0,0,5000000
839,TX-3541-839,"Hoàng Đức Quang",0998489515,E-81717,"Bến xe Miền Đông mới","Phan Thiết ➔ TP. Hồ Chí Minh",RESTING,86B-108.39,5000000,2000,2,0,2,0,0,5000000
601,TX-0351-601,"Hoàng Đức Quang",0910995626,E-33496,"Bến xe Trung tâm Đà Nẵng","Đà Nẵng ➔ Vũng Tàu",ON_TRIP,29B-106.01,5000000,2000,1,0,1,0,0,5000000
940,TX-3742-940,"Hoàng Đức Quang",0926369601,E-60889,"Cần Thơ","Cần Thơ ➔ Hà Nội",ON_TRIP,65B-109.40,5000000,2000,3,0,3,0,0,5000000
985,TX-8098-985,"Hoàng Đức Quang",0918428909,E-52693,"Hà Nội","Hà Nội ➔ Vũng Tàu",ON_TRIP,29B-109.85,5000000,2000,4,0,4,0,0,5000000
687,TX-8617-687,"Hoàng Đức Tuấn",0925593752,E-97106,"Bến xe Vũng Tàu","Phan Thiết ➔ Vũng Tàu",AVAILABLE,86B-106.87,5000000,2000,1,0,1,0,0,5000000
99,TX-5929-99,"Hoàng Đức Tuấn",0927510180,E-35151,"Bến xe Miền Đông mới","TP. Hồ Chí Minh ➔ Cần Thơ",ON_TRIP,79B-100.99,5000000,2000,0,0,0,0,0,5000000
750,TX-4767-750,"Hoàng Đức Thắng",0913891423,E-40018,"Bến xe Vũng Tàu","Vũng Tàu ➔ Đà Nẵng",RESTING,72B-107.50,5000000,2000,1,0,1,0,0,5000000
97,TX-5737-97,"Hoàng Đức Trung",0991918412,E-89230,"Hà Nội","Hà Nội ➔ Phan Thiết",ON_TRIP,29B-100.97,5000000,2000,1,0,1,0,0,5000000
268,TX-4477-268,"Hoàng Hải Hải",0979757670,E-79404,"Bến xe Miền Đông mới","TP. Hồ Chí Minh ➔ Nha Trang",AVAILABLE,65B-102.68,5000000,2000,2,0,2,0,0,5000000
132,TX-9408-132,"Hoàng Hải Hải",0974675262,E-28247,"Hà Nội","Hà Nội ➔ Phan Thiết",ON_TRIP,65B-101.32,5000000,2000,1,0,1,0,0,5000000
272,TX-4912-272,"Hoàng Hải Hải",0999290064,E-23312,"Bến xe Trung tâm Cần Thơ","Cần Thơ ➔ Nha Trang",AVAILABLE,51B-102.72,5000000,2000,0,0,0,0,0,5000000
442,TX-3709-442,"Hoàng Hải Long",0913110074,E-88450,"Đà Lạt","Đà Lạt ➔ Vũng Tàu",ON_TRIP,49B-104.42,5000000,2000,2,0,2,0,0,5000000
377,TX-6454-377,"Hoàng Hải Nam",0989009401,E-27232,"Bến xe Phan Thiết","Hà Nội ➔ Phan Thiết",AVAILABLE,29B-103.77,5000000,2000,2,0,2,0,0,5000000
216,TX-8786-216,"Hoàng Hải Nam",0975892590,E-82495,"Bến xe Trung tâm Cần Thơ","Cần Thơ ➔ Vũng Tàu",ON_TRIP,51B-102.16,5000000,2000,0,0,0,0,0,5000000
107,TX-6770-107,"Hoàng Hải Phong",0944193393,E-47712,"Bến xe Vũng Tàu","Vũng Tàu ➔ Phan Thiết",ON_TRIP,79B-101.07,5000000,2000,0,0,0,0,0,5000000
451,TX-4708-451,"Hoàng Hải Phong",0959982974,E-84308,"Bến xe phía Nam Nha Trang","Nha Trang ➔ Hà Nội",ON_TRIP,79B-104.51,5000000,2000,1,0,1,0,0,5000000
560,TX-6230-560,"Hoàng Hải Phong",0990229535,E-64929,"Bến xe Trung tâm Cần Thơ","TP. Hồ Chí Minh ➔ Cần Thơ",AVAILABLE,51B-105.60,5000000,2000,0,0,0,0,0,5000000
137,TX-9967-137,"Hoàng Hải Phong",0976797754,E-38470,"Bến xe phía Nam Nha Trang","TP. Hồ Chí Minh ➔ Nha Trang",AVAILABLE,29B-101.37,5000000,2000,0,0,0,0,0,5000000
795,TX-9186-795,"Hoàng Hải Quang",0984092559,E-60468,"Bến xe Trung tâm Đà Nẵng","Nha Trang ➔ Đà Nẵng",AVAILABLE,79B-107.95,5000000,2000,1,0,1,0,0,5000000
473,TX-7206-473,"Hoàng Hải Quang",0942347815,E-40188,"Bến xe Vũng Tàu","Vũng Tàu ➔ Hà Nội",ON_TRIP,29B-104.73,5000000,2000,1,0,1,0,0,5000000
309,TX-9011-309,"Hoàng Hải Tuấn",0998528940,E-99589,"Bến xe Phan Thiết","TP. Hồ Chí Minh ➔ Phan Thiết",AVAILABLE,43B-103.09,5000000,2000,0,0,0,0,0,5000000
156,TX-2130-156,"Hoàng Hải Thắng",0922210416,E-21115,"Bến xe Miền Đông mới","Phan Thiết ➔ TP. Hồ Chí Minh",AVAILABLE,65B-101.56,5000000,2000,0,0,0,0,0,5000000
619,TX-2064-619,"Hoàng Hải Thắng",0956757930,E-62201,"Nha Trang","Nha Trang ➔ Hà Nội",RESTING,79B-106.19,5000000,2000,1,0,1,0,0,5000000
924,TX-2133-924,"Hoàng Hải Trung",0960623332,E-87015,"Bến xe Trung tâm Cần Thơ","Cần Thơ ➔ Nha Trang",RESTING,65B-109.24,5000000,2000,2,0,2,0,0,5000000
887,TX-8436-887,"Hoàng Hải Trung",0982837658,E-32180,"Phan Thiết","Phan Thiết ➔ Đà Nẵng",ON_TRIP,86B-108.87,5000000,2000,0,0,0,0,0,5000000
152,TX-1610-152,"Hoàng Hữu Dũng",0930923424,E-55418,"Bến xe Liên tỉnh Đà Lạt","TP. Hồ Chí Minh ➔ Đà Lạt",AVAILABLE,51B-101.52,5000000,2000,0,0,0,0,0,5000000
401,TX-9066-401,"Hoàng Hữu Dũng",0972833631,E-85305,"Bến xe Vũng Tàu","TP. Hồ Chí Minh ➔ Vũng Tàu",RESTING,29B-104.01,5000000,2000,1,0,1,0,0,5000000
206,TX-7699-206,"Hoàng Hữu Dũng",0930801866,E-17516,"Bến xe Vũng Tàu","Vũng Tàu ➔ TP. Hồ Chí Minh",AVAILABLE,72B-102.06,5000000,2000,1,0,1,0,0,5000000
417,TX-0821-417,"Hoàng Hữu Hải",0928101188,E-84397,"Bến xe Vũng Tàu","Vũng Tàu ➔ Đà Lạt",ON_TRIP,29B-104.17,5000000,2000,1,0,1,0,0,5000000
201,TX-7164-201,"Hoàng Hữu Long",0938452266,E-80922,"Hà Nội","Hà Nội ➔ Đà Lạt",ON_TRIP,29B-102.01,5000000,2000,0,0,0,0,0,5000000
585,TX-8726-585,"Hoàng Hữu Quang",0958947853,E-23330,"Hà Nội","Hà Nội ➔ Đà Lạt",ON_TRIP,29B-105.85,5000000,2000,1,0,1,0,0,5000000
866,TX-6339-866,"Hoàng Hữu Sơn",0961190860,E-60813,"Bến xe Liên tỉnh Đà Lạt","Đà Lạt ➔ Đà Nẵng",RESTING,49B-108.66,5000000,2000,1,0,1,0,0,5000000
554,TX-5641-554,"Hoàng Hữu Sơn",0926748396,E-78828,"Đà Lạt","Đà Lạt ➔ Phan Thiết",ON_TRIP,49B-105.54,5000000,2000,8,0,8,0,0,5000000
435,TX-2854-435,"Hoàng Minh Dũng",0973843672,E-43642,"Bến xe phía Nam Nha Trang","Nha Trang ➔ Cần Thơ",ON_TRIP,79B-104.35,5000000,2000,3,0,3,0,0,5000000
812,TX-0808-812,"Hoàng Minh Dũng",0933937422,E-69342,"Bến xe Trung tâm Cần Thơ","Cần Thơ ➔ Vũng Tàu",AVAILABLE,65B-108.12,5000000,2000,1,0,1,0,0,5000000
745,TX-4242-745,"Hoàng Minh Hải",0916522577,E-30147,"Hà Nội","Hà Nội ➔ Đà Lạt",ON_TRIP,29B-107.45,5000000,2000,2,0,2,0,0,5000000
259,TX-3450-259,"Hoàng Minh Hải",0954241987,E-35135,"Bến xe Trung tâm Đà Nẵng","ALL",RESTING,79B-102.59,5000000,2000,2,0,2,0,0,5000000
890,TX-8741-890,"Hoàng Minh Long",0982544715,E-84391,"Bến xe Liên tỉnh Đà Lạt","Đà Lạt ➔ Cần Thơ",AVAILABLE,49B-108.90,5000000,2000,0,0,0,0,0,5000000
605,TX-0727-605,"Hoàng Minh Phong",0932185428,E-90776,"Bến xe phía Nam Nha Trang","Nha Trang ➔ Đà Lạt",AVAILABLE,43B-106.05,5000000,2000,0,0,0,0,0,5000000
754,TX-5179-754,"Hoàng Minh Sơn",0935277500,E-44423,"Bến xe Liên tỉnh Đà Lạt","Đà Lạt ➔ TP. Hồ Chí Minh",RESTING,49B-107.54,5000000,2000,1,0,1,0,0,5000000
280,TX-5805-280,"Hoàng Minh Sơn",0941362370,E-36409,"Bến xe Trung tâm Đà Nẵng","Đà Nẵng ➔ Vũng Tàu",ON_TRIP,51B-102.80,5000000,2000,0,0,0,0,0,5000000
920,TX-1731-920,"Hoàng Minh Tuấn",0997687772,E-36496,"TP. Hồ Chí Minh","TP. Hồ Chí Minh ➔ Hà Nội",ON_TRIP,51B-109.20,5000000,2000,1,0,1,0,0,5000000
906,TX-0335-906,"Hoàng Minh Tuấn",0942914356,E-11409,"Đà Lạt","Đà Lạt ➔ Hà Nội",ON_TRIP,49B-109.06,5000000,2000,2,0,2,0,0,5000000
916,TX-1330-916,"Hoàng Minh Thắng",0934035045,E-77260,"Bến xe Trung tâm Đà Nẵng","Cần Thơ ➔ Đà Nẵng",ON_TRIP,65B-109.16,5000000,2000,4,0,4,0,0,5000000
446,TX-4158-446,"Hoàng Quang Dũng",0930563670,E-42264,"Bến xe Vũng Tàu","Vũng Tàu ➔ Phan Thiết",AVAILABLE,72B-104.46,5000000,2000,0,0,0,0,0,5000000
765,TX-6260-765,"Hoàng Quang Hải",0973384366,E-61321,"Bến xe Trung tâm Đà Nẵng","Đà Nẵng ➔ Cần Thơ",ON_TRIP,43B-107.65,5000000,2000,0,0,0,0,0,5000000
283,TX-6127-283,"Hoàng Quang Hải",0987265701,E-77648,"Bến xe Mỹ Đình","ALL",ON_TRIP,79B-102.83,5000000,2000,3,1,2,760,1520000,6520000
135,TX-9741-135,"Hoàng Quang Hải",0932748146,E-49356,"Bến xe Liên tỉnh Đà Lạt","Đà Lạt ➔ Đà Nẵng",RESTING,86B-101.35,5000000,2000,1,0,1,0,0,5000000
883,TX-8031-883,"Hoàng Quang Long",0989912108,E-28044,"Bến xe Liên tỉnh Đà Lạt","Nha Trang ➔ Đà Lạt",RESTING,79B-108.83,5000000,2000,2,0,2,0,0,5000000
356,TX-4178-356,"Hoàng Quang Long",0955402676,E-70026,"Bến xe Vũng Tàu","Đà Nẵng ➔ Vũng Tàu",AVAILABLE,65B-103.56,5000000,2000,0,0,0,0,0,5000000
829,TX-2530-829,"Hoàng Quang Quang",0996619697,E-41691,"Đà Nẵng","Đà Nẵng ➔ Cần Thơ",ON_TRIP,43B-108.29,5000000,2000,5,0,5,0,0,5000000
998,TX-9319-998,"Hoàng Quang Sơn",0935131153,E-63370,"Vũng Tàu","Vũng Tàu ➔ Hà Nội",ON_TRIP,72B-109.98,5000000,2000,1,0,1,0,0,5000000
222,TX-9432-222,"Hoàng Quang Tuấn",0980473519,E-65887,"Bến xe Mỹ Đình","ALL",ON_TRIP,72B-102.22,5000000,2000,2,0,2,0,0,5000000
661,TX-6048-661,"Hoàng Quang Trung",0924959316,E-90577,"Bến xe Trung tâm Cần Thơ","Đà Nẵng ➔ Cần Thơ",ON_TRIP,43B-106.61,5000000,2000,2,0,2,0,0,5000000
381,TX-6887-381,"Hoàng Thành Dũng",0979435312,E-78199,"Đà Nẵng","Đà Nẵng ➔ Nha Trang",AVAILABLE,43B-103.81,5000000,2000,6,0,6,0,0,5000000
378,TX-6566-378,"Hoàng Thành Dũng",0932863961,E-71667,"Bến xe Trung tâm Đà Nẵng","Đà Lạt ➔ Đà Nẵng",RESTING,49B-103.78,5000000,2000,1,0,1,0,0,5000000
18,TX-7765-18,"Hoàng Thành Dũng",0971375436,E-22493,"Bến xe Phan Thiết","Phan Thiết ➔ Đà Lạt",ON_TRIP,49B-100.18,5000000,2000,0,0,0,0,0,5000000
348,TX-3308-348,"Hoàng Thành Hải",0916638335,E-41161,"Đà Lạt","Đà Lạt ➔ Nha Trang",AVAILABLE,65B-103.48,5000000,2000,0,0,0,0,0,5000000
94,TX-5433-94,"Hoàng Thành Hải",0977514423,E-87677,"Bến xe phía Nam Nha Trang","Nha Trang ➔ Đà Lạt",ON_TRIP,72B-100.94,5000000,2000,0,0,0,0,0,5000000
218,TX-9003-218,"Hoàng Thành Long",0996365645,E-47833,"Bến xe Miền Đông mới","Đà Nẵng ➔ TP. Hồ Chí Minh",AVAILABLE,49B-102.18,5000000,2000,1,0,1,0,0,5000000
617,TX-1877-617,"Hoàng Thành Nam",0974678627,E-82640,"Hà Nội","Hà Nội ➔ Đà Lạt",ON_TRIP,29B-106.17,5000000,2000,3,0,3,0,0,5000000
811,TX-0709-811,"Hoàng Thành Phong",0939833925,E-25384,"Bến xe Trung tâm Cần Thơ","Nha Trang ➔ Cần Thơ",RESTING,79B-108.11,5000000,2000,1,0,1,0,0,5000000
461,TX-5790-461,"Hoàng Thành Quang",0985652911,E-92014,"Bến xe Phan Thiết","Phan Thiết ➔ Đà Lạt",AVAILABLE,43B-104.61,5000000,2000,1,0,1,0,0,5000000
738,TX-3557-738,"Hoàng Thành Quang",0960908907,E-89683,"Bến xe phía Nam Nha Trang","Đà Lạt ➔ Nha Trang",RESTING,49B-107.38,5000000,2000,1,0,1,0,0,5000000
841,TX-3744-841,"Hoàng Thành Quang",0996340041,E-10028,"Hà Nội","Hà Nội ➔ Đà Lạt",ON_TRIP,29B-108.41,5000000,2000,1,0,1,0,0,5000000
274,TX-5130-274,"Hoàng Thành Quang",0910961611,E-90304,"Bến xe Trung tâm Đà Nẵng","Đà Nẵng ➔ Hà Nội",ON_TRIP,49B-102.74,5000000,2000,0,0,0,0,0,5000000
676,TX-7538-676,"Hoàng Thành Sơn",0985184710,E-86140,"Bến xe phía Nam Nha Trang","Cần Thơ ➔ Nha Trang",RESTING,65B-106.76,5000000,2000,1,0,1,0,0,5000000
17,TX-7661-17,"Hoàng Thành Tuấn",0967191126,E-86265,"Bến xe Trung tâm Đà Nẵng","Đà Nẵng ➔ TP. Hồ Chí Minh",ON_TRIP,29B-100.17,5000000,2000,0,0,0,0,0,5000000
901,TX-9828-901,"Hoàng Thành Tuấn",0942981328,E-78940,"Đà Nẵng","Đà Nẵng ➔ Cần Thơ",ON_TRIP,43B-109.01,5000000,2000,0,0,0,0,0,5000000
641,TX-4134-641,"Hoàng Thành Thắng",0932298633,E-79108,"Hà Nội","Hà Nội ➔ Vũng Tàu",ON_TRIP,29B-106.41,5000000,2000,1,0,1,0,0,5000000
942,TX-3937-942,"Hoàng Thành Thắng",0955153954,E-57263,"Bến xe Liên tỉnh Đà Lạt","Vũng Tàu ➔ Đà Lạt",AVAILABLE,72B-109.42,5000000,2000,3,0,3,0,0,5000000
327,TX-1040-327,"Hoàng Văn Dũng",0956170987,E-26082,"Bến xe Vũng Tàu","Vũng Tàu ➔ Nha Trang",AVAILABLE,86B-103.27,5000000,2000,1,0,1,0,0,5000000
450,TX-4602-450,"Hoàng Văn Hải",0929562091,E-73743,"Bến xe Mỹ Đình","Đà Lạt ➔ Hà Nội",ON_TRIP,49B-104.50,5000000,2000,1,0,1,0,0,5000000
314,TX-9588-314,"Hoàng Văn Long",0928835075,E-45632,"Bến xe Trung tâm Cần Thơ","Cần Thơ ➔ Vũng Tàu",RESTING,49B-103.14,5000000,2000,1,0,1,0,0,5000000
707,TX-0514-707,"Hoàng Văn Long",0994616473,E-97651,"Bến xe Miền Đông mới","Nha Trang ➔ TP. Hồ Chí Minh",RESTING,79B-107.07,5000000,2000,1,0,1,0,0,5000000
673,TX-7228-673,"Hoàng Văn Long",0963298234,E-60723,"Hà Nội","Hà Nội ➔ Vũng Tàu",ON_TRIP,29B-106.73,5000000,2000,1,0,1,0,0,5000000
281,TX-5916-281,"Hoàng Văn Long",0973476350,E-38088,"Hà Nội","Hà Nội ➔ Đà Nẵng",ON_TRIP,29B-102.81,5000000,2000,0,0,0,0,0,5000000
882,TX-7936-882,"Hoàng Văn Sơn",0921067554,E-74247,"Bến xe Liên tỉnh Đà Lạt","Đà Lạt ➔ Nha Trang",AVAILABLE,49B-108.82,5000000,2000,1,0,1,0,0,5000000
836,TX-3230-836,"Hoàng Văn Tuấn",0933340595,E-74047,"Cần Thơ","Cần Thơ ➔ Đà Nẵng",RESTING,65B-108.36,5000000,2000,1,0,1,0,0,5000000
287,TX-6571-287,"Hoàng Văn Tuấn",0938960197,E-65420,"Nha Trang","Nha Trang ➔ Cần Thơ",AVAILABLE,86B-102.87,5000000,2000,2,0,2,0,0,5000000
431,TX-2421-431,"Hoàng Văn Tuấn",0926103021,E-51834,"Bến xe phía Nam Nha Trang","Phan Thiết ➔ Nha Trang",AVAILABLE,86B-104.31,5000000,2000,0,0,0,0,0,5000000
636,TX-3661-636,"Hoàng Văn Tuấn",0930592234,E-98837,"Bến xe Trung tâm Cần Thơ","Cần Thơ ➔ Vũng Tàu",RESTING,65B-106.36,5000000,2000,1,0,1,0,0,5000000
970,TX-6682-970,"Hoàng Văn Thắng",0979758176,E-68749,"Đà Lạt","Đà Lạt ➔ Đà Nẵng",AVAILABLE,49B-109.70,5000000,2000,7,0,7,0,0,5000000
502,TX-0337-502,"Huỳnh Anh Dũng",0939048751,E-86902,"Bến xe Vũng Tàu","Vũng Tàu ➔ Hà Nội",ON_TRIP,72B-105.02,5000000,2000,2,0,2,0,0,5000000
946,TX-4344-946,"Huỳnh Anh Dũng",0988959333,E-99103,"Bến xe Liên tỉnh Đà Lạt","Đà Lạt ➔ TP. Hồ Chí Minh",ON_TRIP,49B-109.46,5000000,2000,3,0,3,0,0,5000000
46,TX-0508-46,"Huỳnh Anh Dũng",0976633754,E-38032,"Bến xe Trung tâm Đà Nẵng","Đà Lạt ➔ Đà Nẵng",AVAILABLE,72B-100.46,5000000,2000,1,0,1,0,0,5000000
950,TX-4749-950,"Huỳnh Anh Dũng",0947472947,E-49308,"Vũng Tàu","Vũng Tàu ➔ Đà Nẵng",ON_TRIP,72B-109.50,5000000,2000,1,0,1,0,0,5000000
622,TX-2346-622,"Huỳnh Anh Hải",0960906497,E-40827,"Bến xe Phan Thiết","Vũng Tàu ➔ Phan Thiết",ON_TRIP,72B-106.22,5000000,2000,0,0,0,0,0,5000000
305,TX-8567-305,"Huỳnh Anh Phong",0943743951,E-23917,"Hà Nội","Hà Nội ➔ Cần Thơ",ON_TRIP,29B-103.05,5000000,2000,1,0,1,0,0,5000000
484,TX-8471-484,"Huỳnh Anh Quang",0915542136,E-75086,"Cần Thơ","Cần Thơ ➔ Đà Nẵng",ON_TRIP,65B-104.84,5000000,2000,5,0,5,0,0,5000000
618,TX-1971-618,"Huỳnh Anh Sơn",0931764518,E-66341,"Bến xe Liên tỉnh Đà Lạt","Đà Lạt ➔ Cần Thơ",RESTING,49B-106.18,5000000,2000,1,0,1,0,0,5000000
258,TX-3338-258,"Huỳnh Anh Tuấn",0977096812,E-17266,"Bến xe Liên tỉnh Đà Lạt","Cần Thơ ➔ Đà Lạt",AVAILABLE,49B-102.58,5000000,2000,0,0,0,0,0,5000000
1,TX-6042-1,"Huỳnh Anh Tuấn",0962055894,E-19442,"Cần Thơ","Cần Thơ ➔ Nha Trang",ON_TRIP,29B-100.01,5000000,2000,0,0,0,0,0,5000000
70,TX-2912-70,"Huỳnh Anh Thắng",0912120772,E-28283,"Bến xe Phan Thiết","ALL",ON_TRIP,72B-100.70,5000000,2000,1,0,1,0,0,5000000
423,TX-1491-423,"Huỳnh Đức Hải",0971920683,E-18556,"Phan Thiết","Phan Thiết ➔ Đà Nẵng",ON_TRIP,86B-104.23,5000000,2000,1,0,1,0,0,5000000
41,TX-0026-41,"Huỳnh Đức Long",0923979323,E-67810,"Hà Nội","Hà Nội ➔ Cần Thơ",ON_TRIP,29B-100.41,5000000,2000,1,0,1,0,0,5000000
837,TX-3336-837,"Huỳnh Đức Nam",0975072601,E-74905,"Bến xe Trung tâm Cần Thơ","Đà Nẵng ➔ Cần Thơ",AVAILABLE,43B-108.37,5000000,2000,3,0,3,0,0,5000000
334,TX-1764-334,"Huỳnh Đức Nam",0992960730,E-45215,"Cần Thơ","Phan Thiết ➔ Cần Thơ",AVAILABLE,72B-103.34,5000000,2000,7,0,7,0,0,5000000
415,TX-0601-415,"Huỳnh Đức Quang",0910775386,E-63475,"Phan Thiết","Phan Thiết ➔ Hà Nội",ON_TRIP,86B-104.15,5000000,2000,1,0,1,0,0,5000000
690,TX-8900-690,"Huỳnh Đức Quang",0932133160,E-53710,"Bến xe Liên tỉnh Đà Lạt","Đà Lạt ➔ Đà Nẵng",ON_TRIP,49B-106.90,5000000,2000,1,0,1,0,0,5000000
76,TX-3514-76,"Huỳnh Đức Sơn",0962785639,E-84762,"Bến xe Trung tâm Đà Nẵng","Đà Nẵng ➔ Đà Lạt",ON_TRIP,65B-100.76,5000000,2000,0,0,0,0,0,5000000
40,TX-9928-40,"Huỳnh Đức Sơn",0961428849,E-58215,"TP. Hồ Chí Minh","TP. Hồ Chí Minh ➔ Đà Nẵng",ON_TRIP,51B-100.40,5000000,2000,0,0,0,0,0,5000000
495,TX-9613-495,"Huỳnh Đức Tuấn",0997407739,E-45540,"Phan Thiết","Phan Thiết ➔ Đà Nẵng",ON_TRIP,86B-104.95,5000000,2000,3,0,3,0,0,5000000
513,TX-1478-513,"Huỳnh Đức Thắng",0936874872,E-40206,"Hà Nội","Hà Nội ➔ TP. Hồ Chí Minh",ON_TRIP,29B-105.13,5000000,2000,1,0,1,0,0,5000000
776,TX-7344-776,"Huỳnh Đức Trung",0971679061,E-17605,"Bến xe Miền Đông mới","TP. Hồ Chí Minh ➔ Vũng Tàu",RESTING,51B-107.76,5000000,2000,1,0,1,0,0,5000000
351,TX-3637-351,"Huỳnh Hải Hải",0964340602,E-99837,"Bến xe Liên tỉnh Đà Lạt","Đà Lạt ➔ Nha Trang",ON_TRIP,86B-103.51,5000000,2000,0,0,0,0,0,5000000
91,TX-5121-91,"Huỳnh Hải Nam",0940943694,E-27652,"Bến xe Vũng Tàu","Vũng Tàu ➔ Cần Thơ",ON_TRIP,79B-100.91,5000000,2000,0,0,0,0,0,5000000
510,TX-1171-510,"Huỳnh Hải Nam",0938119243,E-50947,"Bến xe Vũng Tàu","Vũng Tàu ➔ Đà Nẵng",AVAILABLE,72B-105.10,5000000,2000,0,0,0,0,0,5000000
485,TX-8586-485,"Huỳnh Hải Nam",0975076318,E-38603,"Bến xe Vũng Tàu","Phan Thiết ➔ Vũng Tàu",AVAILABLE,43B-104.85,5000000,2000,1,0,1,0,0,5000000
725,TX-2244-725,"Huỳnh Hải Phong",0980278345,E-52802,"Đà Nẵng","Đà Nẵng ➔ Đà Lạt",ON_TRIP,43B-107.25,5000000,2000,1,0,1,0,0,5000000
437,TX-3066-437,"Huỳnh Hải Phong",0992698316,E-16929,"Bến xe Trung tâm Cần Thơ","Cần Thơ ➔ Vũng Tàu",AVAILABLE,43B-104.37,5000000,2000,0,0,0,0,0,5000000
971,TX-6777-971,"Huỳnh Hải Phong",0976538416,E-33712,"Bến xe Trung tâm Đà Nẵng","Nha Trang ➔ Đà Nẵng",AVAILABLE,79B-109.71,5000000,2000,5,0,5,0,0,5000000
642,TX-4227-642,"Huỳnh Hải Sơn",0980095454,E-22398,"Bến xe Liên tỉnh Đà Lạt","Đà Lạt ➔ Nha Trang",AVAILABLE,49B-106.42,5000000,2000,8,0,8,0,0,5000000
770,TX-6756-770,"Huỳnh Hải Tuấn",0991398814,E-36512,"Bến xe Liên tỉnh Đà Lạt","Đà Lạt ➔ Vũng Tàu",AVAILABLE,49B-107.70,5000000,2000,1,0,1,0,0,5000000
125,TX-8690-125,"Huỳnh Hải Tuấn",0985905468,E-30532,"Bến xe Miền Đông mới","TP. Hồ Chí Minh ➔ Đà Lạt",AVAILABLE,43B-101.25,5000000,2000,0,0,0,0,0,5000000
832,TX-2831-832,"Huỳnh Hải Tuấn",0983050246,E-40789,"TP. Hồ Chí Minh","TP. Hồ Chí Minh ➔ Đà Lạt",ON_TRIP,51B-108.32,5000000,2000,1,0,1,0,0,5000000
312,TX-9363-312,"Huỳnh Hải Tuấn",0926300444,E-83474,"Bến xe Liên tỉnh Đà Lạt","Đà Lạt ➔ Vũng Tàu",RESTING,51B-103.12,5000000,2000,1,0,1,0,0,5000000
261,TX-3710-261,"Huỳnh Hải Thắng",0927167203,E-36870,"Bến xe Liên tỉnh Đà Lạt","Cần Thơ ➔ Đà Lạt",AVAILABLE,43B-102.61,5000000,2000,0,0,0,0,0,5000000
124,TX-8588-124,"Huỳnh Hải Thắng",0961676639,E-31341,"Đà Lạt","Đà Lạt ➔ Đà Nẵng",ON_TRIP,65B-101.24,5000000,2000,0,0,0,0,0,5000000
897,TX-9434-897,"Huỳnh Hải Trung",0959232584,E-42561,"Hà Nội","Hà Nội ➔ Nha Trang",ON_TRIP,29B-108.97,5000000,2000,1,0,1,0,0,5000000
462,TX-5904-462,"Huỳnh Hải Trung",0949000772,E-76092,"Bến xe Vũng Tàu","Vũng Tàu ➔ Nha Trang",RESTING,72B-104.62,5000000,2000,1,0,1,0,0,5000000
536,TX-3840-536,"Huỳnh Hữu Dũng",0992621669,E-30837,"TP. Hồ Chí Minh","TP. Hồ Chí Minh ➔ Nha Trang",AVAILABLE,51B-105.36,5000000,2000,3,0,3,0,0,5000000
354,TX-3975-354,"Huỳnh Hữu Nam",0922988916,E-93950,"Bến xe Trung tâm Cần Thơ","Cần Thơ ➔ TP. Hồ Chí Minh",AVAILABLE,49B-103.54,5000000,2000,1,0,1,0,0,5000000
120,TX-8159-120,"Huỳnh Hữu Quang",0952769726,E-13197,"Bến xe Trung tâm Đà Nẵng","Nha Trang ➔ Đà Nẵng",AVAILABLE,51B-101.20,5000000,2000,1,0,1,0,0,5000000
870,TX-6740-870,"Huỳnh Hữu Quang",0980799275,E-82151,"Bến xe Vũng Tàu","Vũng Tàu ➔ Cần Thơ",AVAILABLE,72B-108.70,5000000,2000,2,0,2,0,0,5000000
23,TX-8255-23,"Huỳnh Hữu Quang",0916604800,E-41877,"Bến xe Mỹ Đình","Phan Thiết ➔ Hà Nội",AVAILABLE,86B-100.23,5000000,2000,2,0,2,0,0,5000000
430,TX-2288-430,"Huỳnh Hữu Quang",0980182333,E-39753,"Bến xe Trung tâm Cần Thơ","Vũng Tàu ➔ Cần Thơ",AVAILABLE,72B-104.30,5000000,2000,1,1,0,220,440000,5440000
900,TX-9729-900,"Huỳnh Hữu Quang",0938807754,E-30416,"Bến xe phía Nam Nha Trang","Cần Thơ ➔ Nha Trang",RESTING,65B-109.00,5000000,2000,1,0,1,0,0,5000000
11,TX-7065-11,"Huỳnh Hữu Sơn",0960660813,E-62123,"Bến xe Miền Đông mới","TP. Hồ Chí Minh ➔ Hà Nội",ON_TRIP,79B-100.11,5000000,2000,1,0,1,0,0,5000000
454,TX-5033-454,"Huỳnh Hữu Thắng",0967716042,E-11712,"Bến xe Vũng Tàu","Vũng Tàu ➔ TP. Hồ Chí Minh",AVAILABLE,72B-104.54,5000000,2000,1,0,1,0,0,5000000
571,TX-7314-571,"Huỳnh Hữu Trung",0946070612,E-22792,"Bến xe Trung tâm Cần Thơ","Nha Trang ➔ Cần Thơ",AVAILABLE,79B-105.71,5000000,2000,0,0,0,0,0,5000000
659,TX-5861-659,"Huỳnh Hữu Trung",0912546809,E-27635,"Nha Trang","Nha Trang ➔ Đà Lạt",ON_TRIP,79B-106.59,5000000,2000,1,0,1,0,0,5000000
663,TX-6240-663,"Huỳnh Hữu Trung",0999098543,E-42810,"Bến xe Phan Thiết","Phan Thiết ➔ Cần Thơ",ON_TRIP,86B-106.63,5000000,2000,2,0,2,0,0,5000000
30,TX-8945-30,"Huỳnh Minh Phong",0984611104,E-20312,"Vũng Tàu","Vũng Tàu ➔ Hà Nội",ON_TRIP,72B-100.30,5000000,2000,1,0,1,0,0,5000000
330,TX-1365-330,"Huỳnh Minh Quang",0990243184,E-83071,"Bến xe phía Nam Nha Trang","Đà Lạt ➔ Nha Trang",AVAILABLE,49B-103.30,5000000,2000,1,1,0,140,280000,5280000
615,TX-1681-615,"Huỳnh Minh Sơn",0957368924,E-16058,"Phan Thiết","Phan Thiết ➔ Vũng Tàu",AVAILABLE,86B-106.15,5000000,2000,6,0,6,0,0,5000000
693,TX-9183-693,"Huỳnh Minh Sơn",0948144279,E-56215,"Đà Nẵng","Đà Nẵng ➔ TP. Hồ Chí Minh",ON_TRIP,43B-106.93,5000000,2000,1,0,1,0,0,5000000
372,TX-5900-372,"Huỳnh Minh Thắng",0997265253,E-47979,"Bến xe Miền Đông mới","Vũng Tàu ➔ TP. Hồ Chí Minh",AVAILABLE,65B-103.72,5000000,2000,0,0,0,0,0,5000000
527,TX-2923-527,"Huỳnh Minh Trung",0924456372,E-44482,"Phan Thiết","Phan Thiết ➔ Đà Nẵng",ON_TRIP,86B-105.27,5000000,2000,4,0,4,0,0,5000000
553,TX-5547-553,"Huỳnh Minh Trung",0941888932,E-85232,"Bến xe Trung tâm Đà Nẵng","Hà Nội ➔ Đà Nẵng",AVAILABLE,29B-105.53,5000000,2000,2,0,2,0,0,5000000
752,TX-4964-752,"Huỳnh Quang Dũng",0955197424,E-85926,"Bến xe Liên tỉnh Đà Lạt","TP. Hồ Chí Minh ➔ Đà Lạt",AVAILABLE,51B-107.52,5000000,2000,2,1,1,310,620000,5620000
875,TX-7233-875,"Huỳnh Quang Dũng",0991768978,E-31183,"Bến xe phía Nam Nha Trang","Nha Trang ➔ Cần Thơ",AVAILABLE,79B-108.75,5000000,2000,0,0,0,0,0,5000000
344,TX-2866-344,"Huỳnh Quang Hải",0911975377,E-92296,"Bến xe Vũng Tàu","Đà Nẵng ➔ Vũng Tàu",ON_TRIP,51B-103.44,5000000,2000,1,0,1,0,0,5000000
335,TX-1866-335,"Huỳnh Quang Long",0911521506,E-17054,"Bến xe Phan Thiết","TP. Hồ Chí Minh ➔ Phan Thiết",AVAILABLE,86B-103.35,5000000,2000,0,0,0,0,0,5000000
157,TX-2248-157,"Huỳnh Quang Phong",0948127841,E-47935,"Hà Nội","ALL",ON_TRIP,43B-101.57,5000000,2000,1,0,1,0,0,5000000
988,TX-8378-988,"Huỳnh Quang Phong",0964473514,E-60252,"Cần Thơ","Cần Thơ ➔ Hà Nội",ON_TRIP,65B-109.88,5000000,2000,2,0,2,0,0,5000000
315,TX-9690-315,"Huỳnh Quang Phong",0998078968,E-64052,"Cần Thơ","Cần Thơ ➔ Hà Nội",ON_TRIP,79B-103.15,5000000,2000,3,0,3,0,0,5000000
419,TX-1052-419,"Huỳnh Quang Phong",0928180250,E-32279,"Bến xe Trung tâm Cần Thơ","Cần Thơ ➔ Đà Lạt",AVAILABLE,79B-104.19,5000000,2000,0,0,0,0,0,5000000
328,TX-1142-328,"Huỳnh Quang Quang",0984554394,E-59488,"Bến xe phía Nam Nha Trang","Nha Trang ➔ Hà Nội",ON_TRIP,51B-103.28,5000000,2000,1,0,1,0,0,5000000
516,TX-1791-516,"Huỳnh Quang Quang",0938823788,E-51948,"Bến xe phía Nam Nha Trang","Cần Thơ ➔ Nha Trang",AVAILABLE,65B-105.16,5000000,2000,2,0,2,0,0,5000000
21,TX-8059-21,"Huỳnh Quang Sơn",0972354018,E-80185,"Bến xe Phan Thiết","Phan Thiết ➔ Cần Thơ",ON_TRIP,43B-100.21,5000000,2000,0,0,0,0,0,5000000
607,TX-0923-607,"Huỳnh Quang Sơn",0937568658,E-98498,"Bến xe Trung tâm Đà Nẵng","Phan Thiết ➔ Đà Nẵng",ON_TRIP,86B-106.07,5000000,2000,0,0,0,0,0,5000000
959,TX-5646-959,"Huỳnh Quang Sơn",0988905299,E-71863,"Bến xe Miền Đông mới","Phan Thiết ➔ TP. Hồ Chí Minh",AVAILABLE,86B-109.59,5000000,2000,0,0,0,0,0,5000000
264,TX-4045-264,"Huỳnh Quang Sơn",0984464867,E-90143,"TP. Hồ Chí Minh","TP. Hồ Chí Minh ➔ Vũng Tàu",AVAILABLE,51B-102.64,5000000,2000,1,0,1,0,0,5000000
865,TX-6229-865,"Huỳnh Quang Tuấn",0947068768,E-82584,"Hà Nội","Hà Nội ➔ Đà Lạt",ON_TRIP,29B-108.65,5000000,2000,1,0,1,0,0,5000000
854,TX-5095-854,"Huỳnh Quang Tuấn",0986358929,E-15053,"Bến xe Vũng Tàu","Vũng Tàu ➔ Đà Lạt",AVAILABLE,72B-108.54,5000000,2000,1,1,0,300,600000,5600000
166,TX-3354-166,"Huỳnh Quang Tuấn",0988807132,E-79314,"Bến xe Phan Thiết","Nha Trang ➔ Phan Thiết",AVAILABLE,72B-101.66,5000000,2000,0,0,0,0,0,5000000
445,TX-4050-445,"Huỳnh Quang Tuấn",0993844804,E-66332,"Bến xe Liên tỉnh Đà Lạt","Đà Lạt ➔ Đà Nẵng",ON_TRIP,43B-104.45,5000000,2000,1,0,1,0,0,5000000
947,TX-4448-947,"Huỳnh Quang Thắng",0939226395,E-95055,"Bến xe Mỹ Đình","Nha Trang ➔ Hà Nội",ON_TRIP,79B-109.47,5000000,2000,1,0,1,0,0,5000000
178,TX-4649-178,"Huỳnh Thành Dũng",0925037953,E-67432,"Bến xe Miền Đông mới","TP. Hồ Chí Minh ➔ Vũng Tàu",RESTING,49B-101.78,5000000,2000,1,0,1,0,0,5000000
180,TX-4867-180,"Huỳnh Thành Hải",0986591898,E-78166,"Bến xe Miền Đông mới","Nha Trang ➔ TP. Hồ Chí Minh",AVAILABLE,65B-101.80,5000000,2000,0,0,0,0,0,5000000
306,TX-8678-306,"Huỳnh Thành Nam",0995758640,E-59297,"Bến xe Vũng Tàu","Vũng Tàu ➔ TP. Hồ Chí Minh",AVAILABLE,49B-103.06,5000000,2000,0,0,0,0,0,5000000
927,TX-2433-927,"Huỳnh Thành Nam",0984738536,E-16636,"Phan Thiết","Phan Thiết ➔ Hà Nội",ON_TRIP,86B-109.27,5000000,2000,3,0,3,0,0,5000000
243,TX-1753-243,"Huỳnh Thành Phong",0920865973,E-95583,"Bến xe Trung tâm Cần Thơ","Đà Nẵng ➔ Cần Thơ",AVAILABLE,79B-102.43,5000000,2000,1,0,1,0,0,5000000
873,TX-7038-873,"Huỳnh Thành Sơn",0916929533,E-62545,"Bến xe Phan Thiết","Hà Nội ➔ Phan Thiết",ON_TRIP,29B-108.73,5000000,2000,2,0,2,0,0,5000000
359,TX-4478-359,"Huỳnh Thành Sơn",0943879052,E-61198,"Bến xe Trung tâm Đà Nẵng","Đà Nẵng ➔ Hà Nội",ON_TRIP,86B-103.59,5000000,2000,1,0,1,0,0,5000000
386,TX-7419-386,"Huỳnh Thành Tuấn",0989434523,E-85370,"Bến xe Phan Thiết","Đà Lạt ➔ Phan Thiết",RESTING,49B-103.86,5000000,2000,1,0,1,0,0,5000000
668,TX-6723-668,"Huỳnh Văn Dũng",0967474244,E-51970,"Cần Thơ","Cần Thơ ➔ Hà Nội",ON_TRIP,65B-106.68,5000000,2000,1,0,1,0,0,5000000
235,TX-0823-235,"Huỳnh Văn Hải",0925842650,E-21022,"Bến xe phía Nam Nha Trang","Nha Trang ➔ Phan Thiết",AVAILABLE,79B-102.35,5000000,2000,1,0,1,0,0,5000000
918,TX-1529-918,"Huỳnh Văn Hải",0974632070,E-37435,"Vũng Tàu","Vũng Tàu ➔ Nha Trang",ON_TRIP,72B-109.18,5000000,2000,9,0,9,0,0,5000000
31,TX-9042-31,"Huỳnh Văn Hải",0937050649,E-82754,"Bến xe Mỹ Đình","ALL",ON_TRIP,86B-100.31,5000000,2000,1,0,1,0,0,5000000
742,TX-3946-742,"Huỳnh Văn Hải",0994075845,E-76747,"Bến xe Mỹ Đình","Vũng Tàu ➔ Hà Nội",ON_TRIP,72B-107.42,5000000,2000,2,0,2,0,0,5000000
219,TX-9106-219,"Huỳnh Văn Hải",0953544272,E-97697,"Vũng Tàu","Vũng Tàu ➔ TP. Hồ Chí Minh",AVAILABLE,79B-102.19,5000000,2000,0,0,0,0,0,5000000
723,TX-2039-723,"Huỳnh Văn Phong",0940347552,E-77455,"Bến xe Phan Thiết","Nha Trang ➔ Phan Thiết",AVAILABLE,79B-107.23,5000000,2000,2,0,2,0,0,5000000
610,TX-1206-610,"Huỳnh Văn Phong",0912737587,E-17748,"Bến xe Liên tỉnh Đà Lạt","Đà Lạt ➔ Phan Thiết",AVAILABLE,49B-106.10,5000000,2000,1,0,1,0,0,5000000
919,TX-1630-919,"Huỳnh Văn Phong",0918786742,E-28434,"Phan Thiết","Phan Thiết ➔ Đà Lạt",AVAILABLE,86B-109.19,5000000,2000,19,0,19,0,0,5000000
271,TX-4800-271,"Huỳnh Văn Quang",0992657384,E-63652,"Đà Lạt","Đà Lạt ➔ Vũng Tàu",AVAILABLE,86B-102.71,5000000,2000,3,0,3,0,0,5000000
59,TX-1802-59,"Huỳnh Văn Sơn",0991747091,E-10713,"Bến xe Trung tâm Cần Thơ","Cần Thơ ➔ Đà Nẵng",ON_TRIP,79B-100.59,5000000,2000,0,0,0,0,0,5000000
475,TX-7423-475,"Huỳnh Văn Tuấn",0918588983,E-96954,"Bến xe phía Nam Nha Trang","Nha Trang ➔ Phan Thiết",RESTING,79B-104.75,5000000,2000,2,0,2,0,0,5000000
428,TX-2065-428,"Huỳnh Văn Tuấn",0936252336,E-44210,"Cần Thơ","Cần Thơ ➔ Nha Trang",AVAILABLE,65B-104.28,5000000,2000,8,0,8,0,0,5000000
517,TX-1899-517,"Huỳnh Văn Thắng",0920320631,E-33863,"Bến xe Phan Thiết","Phan Thiết ➔ Cần Thơ",ON_TRIP,43B-105.17,5000000,2000,1,0,1,0,0,5000000
578,TX-7990-578,"Huỳnh Văn Thắng",0924951390,E-38918,"Vũng Tàu","Đà Lạt ➔ Vũng Tàu",RESTING,49B-105.78,5000000,2000,5,0,5,0,0,5000000
96,TX-5642-96,"Lê Anh Dũng",0975235283,E-16558,"Bến xe Liên tỉnh Đà Lạt","Đà Lạt ➔ Phan Thiết",AVAILABLE,51B-100.96,5000000,2000,1,0,1,0,0,5000000
366,TX-5209-366,"Lê Anh Hải",0937008906,E-87715,"Bến xe Trung tâm Đà Nẵng","Đà Nẵng ➔ Đà Lạt",AVAILABLE,72B-103.66,5000000,2000,0,0,0,0,0,5000000
523,TX-2526-523,"Lê Anh Hải",0916419727,E-39796,"Nha Trang","Nha Trang ➔ Hà Nội",ON_TRIP,79B-105.23,5000000,2000,3,0,3,0,0,5000000
969,TX-6589-969,"Lê Anh Long",0923322671,E-95861,"Hà Nội","Hà Nội ➔ Cần Thơ",ON_TRIP,29B-109.69,5000000,2000,1,0,1,0,0,5000000
679,TX-7844-679,"Lê Anh Long",0927602012,E-26678,"Bến xe Phan Thiết","Phan Thiết ➔ Đà Lạt",ON_TRIP,86B-106.79,5000000,2000,2,0,2,0,0,5000000
86,TX-4559-86,"Lê Anh Long",0919384338,E-23053,"Đà Nẵng","Đà Lạt ➔ Đà Nẵng",ON_TRIP,72B-100.86,5000000,2000,0,0,0,0,0,5000000
151,TX-1504-151,"Lê Anh Nam",0970759906,E-30603,"Bến xe Trung tâm Đà Nẵng","Phan Thiết ➔ Đà Nẵng",AVAILABLE,86B-101.51,5000000,2000,1,0,1,0,0,5000000
25,TX-8448-25,"Lê Anh Nam",0951280725,E-44964,"Hà Nội","Hà Nội ➔ Vũng Tàu",ON_TRIP,29B-100.25,5000000,2000,1,0,1,0,0,5000000
769,TX-6658-769,"Lê Anh Phong",0934332978,E-64851,"Hà Nội","Hà Nội ➔ Đà Lạt",ON_TRIP,29B-107.69,5000000,2000,1,0,1,0,0,5000000
487,TX-8805-487,"Lê Anh Quang",0979198792,E-48232,"Phan Thiết","Phan Thiết ➔ Hà Nội",ON_TRIP,86B-104.87,5000000,2000,4,0,4,0,0,5000000
603,TX-0540-603,"Lê Anh Sơn",0924145329,E-65044,"Nha Trang","Nha Trang ➔ Cần Thơ",ON_TRIP,79B-106.03,5000000,2000,1,0,1,0,0,5000000
888,TX-8536-888,"Lê Anh Sơn",0912445403,E-18690,"TP. Hồ Chí Minh","TP. Hồ Chí Minh ➔ Hà Nội",ON_TRIP,51B-108.88,5000000,2000,2,0,2,0,0,5000000
613,TX-1489-613,"Lê Anh Thắng",0948679151,E-53468,"Vũng Tàu","Vũng Tàu ➔ Hà Nội",ON_TRIP,43B-106.13,5000000,2000,2,0,2,0,0,5000000
230,TX-0269-230,"Lê Anh Trung",0999861843,E-22182,"Bến xe Phan Thiết","Phan Thiết ➔ Vũng Tàu",ON_TRIP,72B-102.30,5000000,2000,0,0,0,0,0,5000000
155,TX-2000-155,"Lê Anh Trung",0910901953,E-98645,"Bến xe Phan Thiết","Phan Thiết ➔ Đà Lạt",ON_TRIP,79B-101.55,5000000,2000,0,0,0,0,0,5000000
385,TX-7314-385,"Lê Anh Trung",0923201747,E-11792,"Bến xe Miền Đông mới","Hà Nội ➔ TP. Hồ Chí Minh",AVAILABLE,29B-103.85,5000000,2000,2,0,2,0,0,5000000
440,TX-3399-440,"Lê Đức Long",0953562293,E-12107,"TP. Hồ Chí Minh","TP. Hồ Chí Minh ➔ Cần Thơ",ON_TRIP,51B-104.40,5000000,2000,15,0,15,0,0,5000000
433,TX-2633-433,"Lê Đức Long",0925245271,E-94560,"Bến xe Miền Đông mới","Phan Thiết ➔ TP. Hồ Chí Minh",RESTING,29B-104.33,5000000,2000,1,0,1,0,0,5000000
781,TX-7844-781,"Lê Đức Nam",0987804461,E-22064,"Đà Nẵng","Đà Nẵng ➔ Đà Lạt",ON_TRIP,43B-107.81,5000000,2000,5,0,5,0,0,5000000
489,TX-9018-489,"Lê Đức Nam",0994834679,E-15988,"Hà Nội","Hà Nội ➔ Phan Thiết",ON_TRIP,29B-104.89,5000000,2000,1,0,1,0,0,5000000
482,TX-8279-482,"Lê Đức Phong",0912160271,E-72256,"Bến xe Vũng Tàu","Đà Lạt ➔ Vũng Tàu",AVAILABLE,49B-104.82,5000000,2000,1,0,1,0,0,5000000
737,TX-3459-737,"Lê Đức Phong",0953967152,E-78152,"Bến xe Trung tâm Đà Nẵng","Hà Nội ➔ Đà Nẵng",ON_TRIP,29B-107.37,5000000,2000,1,0,1,0,0,5000000
65,TX-2407-65,"Lê Đức Tuấn",0920460714,E-35076,"Bến xe phía Nam Nha Trang","Nha Trang ➔ Đà Lạt",ON_TRIP,29B-100.65,5000000,2000,0,0,0,0,0,5000000
347,TX-3202-347,"Lê Đức Trung",0913489066,E-46615,"Bến xe Phan Thiết","Cần Thơ ➔ Phan Thiết",ON_TRIP,79B-103.47,5000000,2000,1,0,1,0,0,5000000
751,TX-4865-751,"Lê Hải Dũng",0931138721,E-52402,"Bến xe Phan Thiết","Phan Thiết ➔ TP. Hồ Chí Minh",AVAILABLE,86B-107.51,5000000,2000,0,0,0,0,0,5000000
468,TX-6651-468,"Lê Hải Hải",0994148527,E-36076,"Bến xe Vũng Tàu","Vũng Tàu ➔ Hà Nội",ON_TRIP,65B-104.68,5000000,2000,1,0,1,0,0,5000000
564,TX-6609-564,"Lê Hải Long",0952272242,E-62745,"Bến xe phía Nam Nha Trang","Cần Thơ ➔ Nha Trang",ON_TRIP,65B-105.64,5000000,2000,1,0,1,0,0,5000000
849,TX-4572-849,"Lê Hải Nam",0937113125,E-50815,"Hà Nội","Hà Nội ➔ Vũng Tàu",ON_TRIP,29B-108.49,5000000,2000,1,0,1,0,0,5000000
420,TX-1156-420,"Lê Hải Quang",0995420861,E-71575,"Bến xe Vũng Tàu","Vũng Tàu ➔ Nha Trang",ON_TRIP,65B-104.20,5000000,2000,1,0,1,0,0,5000000
739,TX-3657-739,"Lê Hải Quang",0933793999,E-64978,"Bến xe phía Nam Nha Trang","Nha Trang ➔ Phan Thiết",RESTING,79B-107.39,5000000,2000,1,0,1,0,0,5000000
301,TX-8125-301,"Lê Hải Sơn",0973842292,E-25146,"Cần Thơ","Cần Thơ ➔ Phan Thiết",ON_TRIP,43B-103.01,5000000,2000,6,0,6,0,0,5000000
692,TX-9090-692,"Lê Hải Sơn",0958224495,E-53581,"Bến xe Miền Đông mới","Cần Thơ ➔ TP. Hồ Chí Minh",AVAILABLE,65B-106.92,5000000,2000,0,0,0,0,0,5000000
587,TX-8958-587,"Lê Hải Thắng",0915283881,E-72088,"Nha Trang","Nha Trang ➔ Đà Nẵng",ON_TRIP,79B-105.87,5000000,2000,3,0,3,0,0,5000000
365,TX-5109-365,"Lê Hải Thắng",0952492306,E-11194,"Nha Trang","Nha Trang ➔ Vũng Tàu",AVAILABLE,43B-103.65,5000000,2000,10,0,10,0,0,5000000
728,TX-2539-728,"Lê Hải Thắng",0990122685,E-89187,"TP. Hồ Chí Minh","TP. Hồ Chí Minh ➔ Đà Lạt",AVAILABLE,51B-107.28,5000000,2000,6,0,6,0,0,5000000
911,TX-0831-911,"Lê Hải Thắng",0955457315,E-77262,"Bến xe Phan Thiết","Phan Thiết ➔ Nha Trang",AVAILABLE,86B-109.11,5000000,2000,0,0,0,0,0,5000000
709,TX-0704-709,"Lê Hải Trung",0910520048,E-91091,"Đà Nẵng","Đà Nẵng ➔ Hà Nội",ON_TRIP,43B-107.09,5000000,2000,7,0,7,0,0,5000000
208,TX-7913-208,"Lê Hải Trung",0956344318,E-62648,"Bến xe Liên tỉnh Đà Lạt","Đà Lạt ➔ Vũng Tàu",RESTING,51B-102.08,5000000,2000,1,0,1,0,0,5000000
720,TX-1743-720,"Lê Hữu Dũng",0912278250,E-28344,"Bến xe Miền Đông mới","TP. Hồ Chí Minh ➔ Phan Thiết",AVAILABLE,51B-107.20,5000000,2000,1,0,1,0,0,5000000
592,TX-9492-592,"Lê Hữu Dũng",0970534259,E-81909,"Bến xe Vũng Tàu","TP. Hồ Chí Minh ➔ Vũng Tàu",RESTING,51B-105.92,5000000,2000,1,0,1,0,0,5000000
550,TX-5263-550,"Lê Hữu Dũng",0921565013,E-15212,"Bến xe Liên tỉnh Đà Lạt","Vũng Tàu ➔ Đà Lạt",RESTING,72B-105.50,5000000,2000,1,0,1,0,0,5000000
429,TX-2167-429,"Lê Hữu Hải",0983333083,E-63136,"Đà Nẵng","Đà Nẵng ➔ Cần Thơ",ON_TRIP,43B-104.29,5000000,2000,1,0,1,0,0,5000000
34,TX-9331-34,"Lê Hữu Long",0953265526,E-27317,"Bến xe Miền Đông mới","ALL",ON_TRIP,49B-100.34,5000000,2000,2,0,2,0,0,5000000
568,TX-7001-568,"Lê Hữu Quang",0996702780,E-65833,"TP. Hồ Chí Minh","TP. Hồ Chí Minh ➔ Đà Lạt",AVAILABLE,51B-105.68,5000000,2000,9,0,9,0,0,5000000
404,TX-9387-404,"Lê Hữu Quang",0948186438,E-71367,"Bến xe Vũng Tàu","Vũng Tàu ➔ Phan Thiết",AVAILABLE,65B-104.04,5000000,2000,1,0,1,0,0,5000000
803,TX-9937-803,"Lê Hữu Quang",0969519963,E-81092,"Bến xe Trung tâm Cần Thơ","Nha Trang ➔ Cần Thơ",RESTING,79B-108.03,5000000,2000,1,0,1,0,0,5000000
656,TX-5571-656,"Lê Hữu Sơn",0997938684,E-70071,"TP. Hồ Chí Minh","TP. Hồ Chí Minh ➔ Nha Trang",AVAILABLE,51B-106.56,5000000,2000,8,0,8,0,0,5000000
926,TX-2334-926,"Lê Hữu Sơn",0941890400,E-98695,"Bến xe Liên tỉnh Đà Lạt","Vũng Tàu ➔ Đà Lạt",AVAILABLE,72B-109.26,5000000,2000,5,0,5,0,0,5000000
326,TX-0929-326,"Lê Hữu Tuấn",0914313651,E-37724,"Bến xe Trung tâm Cần Thơ","Cần Thơ ➔ Hà Nội",ON_TRIP,72B-103.26,5000000,2000,2,0,2,0,0,5000000
744,TX-4146-744,"Lê Hữu Trung",0990598151,E-44010,"Bến xe phía Nam Nha Trang","TP. Hồ Chí Minh ➔ Nha Trang",RESTING,51B-107.44,5000000,2000,1,0,1,0,0,5000000
701,TX-9933-701,"Lê Minh Dũng",0964736329,E-34967,"Đà Nẵng","Đà Nẵng ➔ Đà Lạt",ON_TRIP,43B-107.01,5000000,2000,5,0,5,0,0,5000000
734,TX-3150-734,"Lê Minh Dũng",0937761801,E-19658,"Vũng Tàu","Vũng Tàu ➔ Hà Nội",ON_TRIP,72B-107.34,5000000,2000,4,0,4,0,0,5000000
33,TX-9235-33,"Lê Minh Dũng",0923134842,E-38307,"Hà Nội","Hà Nội ➔ TP. Hồ Chí Minh",ON_TRIP,29B-100.33,5000000,2000,1,0,1,0,0,5000000
632,TX-3285-632,"Lê Minh Hải",0936210323,E-52148,"Bến xe Phan Thiết","TP. Hồ Chí Minh ➔ Phan Thiết",AVAILABLE,51B-106.32,5000000,2000,1,0,1,0,0,5000000
455,TX-5140-455,"Lê Minh Phong",0982287305,E-49261,"Bến xe Liên tỉnh Đà Lạt","Phan Thiết ➔ Đà Lạt",RESTING,86B-104.55,5000000,2000,1,0,1,0,0,5000000
645,TX-4513-645,"Lê Minh Quang",0974156817,E-68174,"Bến xe phía Nam Nha Trang","Đà Nẵng ➔ Nha Trang",ON_TRIP,43B-106.45,5000000,2000,1,0,1,0,0,5000000
987,TX-8286-987,"Lê Minh Quang",0930601728,E-43080,"Bến xe phía Nam Nha Trang","Nha Trang ➔ Đà Lạt",RESTING,79B-109.87,5000000,2000,9,0,9,0,0,5000000
13,TX-7267-13,"Lê Minh Tuấn",0992357742,E-14779,"Bến xe Vũng Tàu","Vũng Tàu ➔ TP. Hồ Chí Minh",ON_TRIP,43B-100.13,5000000,2000,0,0,0,0,0,5000000
79,TX-3839-79,"Lê Minh Thắng",0980618723,E-31235,"Đà Lạt","Đà Lạt ➔ Hà Nội",ON_TRIP,86B-100.79,5000000,2000,1,0,1,0,0,5000000
296,TX-7577-296,"Lê Quang Dũng",0916894455,E-59615,"Bến xe Liên tỉnh Đà Lạt","Đà Lạt ➔ Phan Thiết",AVAILABLE,51B-102.96,5000000,2000,2,0,2,0,0,5000000
198,TX-6840-198,"Lê Quang Hải",0966565450,E-20287,"Cần Thơ","Cần Thơ ➔ Vũng Tàu",AVAILABLE,72B-101.98,5000000,2000,6,0,6,0,0,5000000
147,TX-1074-147,"Lê Quang Hải",0980250769,E-98354,"Bến xe Trung tâm Đà Nẵng","Vũng Tàu ➔ Đà Nẵng",AVAILABLE,79B-101.47,5000000,2000,0,0,0,0,0,5000000
240,TX-1393-240,"Lê Quang Long",0933284309,E-13582,"Bến xe Miền Đông mới","TP. Hồ Chí Minh ➔ Nha Trang",RESTING,51B-102.40,5000000,2000,1,0,1,0,0,5000000
173,TX-4104-173,"Lê Quang Long",0920867202,E-95964,"Đà Nẵng","ALL",ON_TRIP,43B-101.73,5000000,2000,1,0,1,0,0,5000000
573,TX-7501-573,"Lê Quang Phong",0910155827,E-79661,"Đà Nẵng","Đà Nẵng ➔ Cần Thơ",ON_TRIP,43B-105.73,5000000,2000,5,0,5,0,0,5000000
981,TX-7721-981,"Lê Quang Sơn",0996049401,E-54519,"Đà Nẵng","Đà Nẵng ➔ Nha Trang",ON_TRIP,43B-109.81,5000000,2000,5,0,5,0,0,5000000
666,TX-6528-666,"Lê Quang Sơn",0931340623,E-46251,"Bến xe Liên tỉnh Đà Lạt","Đà Lạt ➔ Đà Nẵng",RESTING,49B-106.66,5000000,2000,1,0,1,0,0,5000000
194,TX-6404-194,"Lê Quang Tuấn",0971330633,E-75381,"Bến xe Trung tâm Đà Nẵng","Đà Nẵng ➔ Phan Thiết",ON_TRIP,49B-101.94,5000000,2000,0,0,0,0,0,5000000
902,TX-9932-902,"Lê Quang Trung",0974360098,E-43333,"Bến xe Vũng Tàu","Vũng Tàu ➔ Phan Thiết",AVAILABLE,72B-109.02,5000000,2000,2,1,1,180,360000,5360000
694,TX-9276-694,"Lê Quang Trung",0963036926,E-66373,"Vũng Tàu","Vũng Tàu ➔ Cần Thơ",AVAILABLE,72B-106.94,5000000,2000,2,0,2,0,0,5000000
700,TX-9840-700,"Lê Thành Dũng",0969478427,E-56506,"Cần Thơ","Cần Thơ ➔ Hà Nội",ON_TRIP,65B-107.00,5000000,2000,2,0,2,0,0,5000000
711,TX-0892-711,"Lê Thành Dũng",0988875732,E-48353,"Phan Thiết","Phan Thiết ➔ Hà Nội",ON_TRIP,86B-107.11,5000000,2000,1,0,1,0,0,5000000
69,TX-2809-69,"Lê Thành Long",0928596438,E-59039,"Bến xe Trung tâm Cần Thơ","Đà Lạt ➔ Cần Thơ",AVAILABLE,43B-100.69,5000000,2000,0,0,0,0,0,5000000
816,TX-1214-816,"Lê Thành Long",0925852174,E-44080,"TP. Hồ Chí Minh","TP. Hồ Chí Minh ➔ Hà Nội",ON_TRIP,51B-108.16,5000000,2000,2,0,2,0,0,5000000
470,TX-6879-470,"Lê Thành Nam",0935177939,E-30670,"Bến xe Vũng Tàu","Vũng Tàu ➔ Phan Thiết",AVAILABLE,72B-104.70,5000000,2000,1,0,1,0,0,5000000
376,TX-6336-376,"Lê Thành Nam",0978615557,E-35524,"TP. Hồ Chí Minh","TP. Hồ Chí Minh ➔ Phan Thiết",AVAILABLE,51B-103.76,5000000,2000,6,0,6,0,0,5000000
704,TX-0220-704,"Lê Thành Phong",0963316561,E-41294,"TP. Hồ Chí Minh","TP. Hồ Chí Minh ➔ Phan Thiết",AVAILABLE,51B-107.04,5000000,2000,2,0,2,0,0,5000000
316,TX-9796-316,"Lê Thành Quang",0989148182,E-35376,"Bến xe Trung tâm Đà Nẵng","TP. Hồ Chí Minh ➔ Đà Nẵng",AVAILABLE,65B-103.16,5000000,2000,1,0,1,0,0,5000000
223,TX-9543-223,"Lê Thành Quang",0989789057,E-28796,"Phan Thiết","Phan Thiết ➔ Cần Thơ",ON_TRIP,86B-102.23,5000000,2000,0,0,0,0,0,5000000
488,TX-8914-488,"Lê Thành Quang",0973660389,E-84399,"Bến xe Trung tâm Đà Nẵng","TP. Hồ Chí Minh ➔ Đà Nẵng",AVAILABLE,51B-104.88,5000000,2000,1,0,1,0,0,5000000
256,TX-3124-256,"Lê Thành Tuấn",0997609497,E-34469,"Bến xe Trung tâm Đà Nẵng","Đà Nẵng ➔ Nha Trang",ON_TRIP,51B-102.56,5000000,2000,1,0,1,0,0,5000000
163,TX-3014-163,"Lê Thành Tuấn",0926232792,E-10714,"Bến xe phía Nam Nha Trang","TP. Hồ Chí Minh ➔ Nha Trang",AVAILABLE,79B-101.63,5000000,2000,0,0,0,0,0,5000000
128,TX-9004-128,"Lê Thành Thắng",0981557804,E-21077,"Bến xe Phan Thiết","Phan Thiết ➔ Vũng Tàu",ON_TRIP,51B-101.28,5000000,2000,0,0,0,0,0,5000000
512,TX-1376-512,"Lê Thành Thắng",0985071917,E-15295,"Bến xe Phan Thiết","TP. Hồ Chí Minh ➔ Phan Thiết",RESTING,51B-105.12,5000000,2000,1,0,1,0,0,5000000
300,TX-8020-300,"Lê Thành Thắng",0946339291,E-44196,"Bến xe Liên tỉnh Đà Lạt","Đà Lạt ➔ Cần Thơ",ON_TRIP,65B-103.00,5000000,2000,1,0,1,0,0,5000000
909,TX-0634-909,"Lê Thành Trung",0928946322,E-43912,"Bến xe Trung tâm Cần Thơ","Đà Nẵng ➔ Cần Thơ",RESTING,43B-109.09,5000000,2000,2,0,2,0,0,5000000
938,TX-3540-938,"Lê Văn Dũng",0929853842,E-31456,"Đà Lạt","Đà Lạt ➔ Cần Thơ",AVAILABLE,49B-109.38,5000000,2000,9,0,9,0,0,5000000
465,TX-6252-465,"Lê Văn Dũng",0946308612,E-80945,"Bến xe Liên tỉnh Đà Lạt","Đà Lạt ➔ Vũng Tàu",AVAILABLE,29B-104.65,5000000,2000,1,0,1,0,0,5000000
177,TX-4538-177,"Lê Văn Dũng",0940463481,E-14033,"Hà Nội","Hà Nội ➔ Đà Nẵng",ON_TRIP,29B-101.77,5000000,2000,0,0,0,0,0,5000000
840,TX-3642-840,"Lê Văn Dũng",0963101311,E-12307,"Bến xe Miền Đông mới","TP. Hồ Chí Minh ➔ Đà Nẵng",ON_TRIP,51B-108.40,5000000,2000,5,0,5,0,0,5000000
996,TX-9131-996,"Lê Văn Dũng",0943306879,E-51182,"Bến xe Trung tâm Cần Thơ","Cần Thơ ➔ TP. Hồ Chí Minh",AVAILABLE,65B-109.96,5000000,2000,0,0,0,0,0,5000000
726,TX-2346-726,"Lê Văn Long",0989538000,E-26392,"Vũng Tàu","Vũng Tàu ➔ Hà Nội",ON_TRIP,72B-107.26,5000000,2000,4,0,4,0,0,5000000
167,TX-3465-167,"Lê Văn Long",0955769447,E-58118,"Bến xe Trung tâm Cần Thơ","Nha Trang ➔ Cần Thơ",AVAILABLE,86B-101.67,5000000,2000,1,0,1,0,0,5000000
100,TX-6049-100,"Lê Văn Nam",0989050880,E-72647,"Bến xe Miền Đông mới","TP. Hồ Chí Minh ➔ Đà Nẵng",ON_TRIP,65B-101.00,5000000,2000,0,0,0,0,0,5000000
27,TX-8648-27,"Lê Văn Phong",0988134190,E-71998,"Nha Trang","Nha Trang ➔ Cần Thơ",ON_TRIP,79B-100.27,5000000,2000,0,0,0,0,0,5000000
955,TX-5263-955,"Lê Văn Sơn",0926918468,E-98729,"Nha Trang","Nha Trang ➔ Phan Thiết",ON_TRIP,79B-109.55,5000000,2000,4,0,4,0,0,5000000
52,TX-1115-52,"Lê Văn Tuấn",0949119011,E-98954,"Bến xe phía Nam Nha Trang","Vũng Tàu ➔ Nha Trang",AVAILABLE,65B-100.52,5000000,2000,1,0,1,0,0,5000000
756,TX-5371-756,"Lê Văn Trung",0995426909,E-42970,"Bến xe Trung tâm Cần Thơ","Cần Thơ ➔ Phan Thiết",RESTING,65B-107.56,5000000,2000,2,0,2,0,0,5000000
896,TX-9332-896,"Lê Văn Trung",0988900225,E-11933,"TP. Hồ Chí Minh","TP. Hồ Chí Minh ➔ Hà Nội",ON_TRIP,51B-108.96,5000000,2000,1,0,1,0,0,5000000
952,TX-4960-952,"Lê Văn Trung",0984005989,E-58234,"TP. Hồ Chí Minh","TP. Hồ Chí Minh ➔ Nha Trang",AVAILABLE,51B-109.52,5000000,2000,11,0,11,0,0,5000000
884,TX-8131-884,"Lê Văn Trung",0978468268,E-14240,"Cần Thơ","Cần Thơ ➔ Nha Trang",ON_TRIP,65B-108.84,5000000,2000,1,0,1,0,0,5000000
456,TX-5239-456,"Nguyễn Anh Dũng",0945092336,E-14189,"Bến xe Miền Đông mới","TP. Hồ Chí Minh ➔ Vũng Tàu",RESTING,51B-104.56,5000000,2000,4,1,3,100,200000,5200000
843,TX-3959-843,"Nguyễn Anh Hải",0978077373,E-89729,"Nha Trang","Nha Trang ➔ TP. Hồ Chí Minh",ON_TRIP,79B-108.43,5000000,2000,2,0,2,0,0,5000000
824,TX-2002-824,"Nguyễn Anh Quang",0936743918,E-12340,"Bến xe Miền Đông mới","TP. Hồ Chí Minh ➔ Vũng Tàu",AVAILABLE,51B-108.24,5000000,2000,0,0,0,0,0,5000000
889,TX-8639-889,"Nguyễn Anh Quang",0986530132,E-63895,"Bến xe Mỹ Đình","Hà Nội ➔ Nha Trang",RESTING,29B-108.89,5000000,2000,1,0,1,0,0,5000000
186,TX-5548-186,"Nguyễn Anh Sơn",0958363399,E-74955,"Bến xe Mỹ Đình","Vũng Tàu ➔ Hà Nội",AVAILABLE,49B-101.86,5000000,2000,2,0,2,0,0,5000000
792,TX-8885-792,"Nguyễn Anh Sơn",0981988138,E-98396,"TP. Hồ Chí Minh","TP. Hồ Chí Minh ➔ Hà Nội",ON_TRIP,51B-107.92,5000000,2000,1,0,1,0,0,5000000
388,TX-7639-388,"Nguyễn Anh Tuấn",0947102181,E-35171,"Bến xe Trung tâm Cần Thơ","Nha Trang ➔ Cần Thơ",AVAILABLE,65B-103.88,5000000,2000,0,0,0,0,0,5000000
183,TX-5216-183,"Nguyễn Anh Tuấn",0990864668,E-65366,"Bến xe Trung tâm Đà Nẵng","Đà Nẵng ➔ Nha Trang",ON_TRIP,86B-101.83,5000000,2000,0,0,0,0,0,5000000
121,TX-8269-121,"Nguyễn Anh Trung",0912346387,E-70415,"Bến xe Trung tâm Cần Thơ","Phan Thiết ➔ Cần Thơ",AVAILABLE,29B-101.21,5000000,2000,2,0,2,0,0,5000000
535,TX-3739-535,"Nguyễn Anh Trung",0994880809,E-53916,"Bến xe Trung tâm Cần Thơ","Phan Thiết ➔ Cần Thơ",RESTING,86B-105.35,5000000,2000,3,0,3,0,0,5000000
90,TX-5003-90,"Nguyễn Anh Trung",0941111287,E-94524,"Bến xe Miền Đông mới","TP. Hồ Chí Minh ➔ Vũng Tàu",ON_TRIP,49B-100.90,5000000,2000,0,0,0,0,0,5000000
483,TX-8374-483,"Nguyễn Đức Dũng",0928378133,E-61135,"Nha Trang","Nha Trang ➔ Đà Nẵng",RESTING,79B-104.83,5000000,2000,3,0,3,0,0,5000000
957,TX-5457-957,"Nguyễn Đức Dũng",0929321047,E-87633,"Bến xe Trung tâm Đà Nẵng","Đà Nẵng ➔ Phan Thiết",ON_TRIP,43B-109.57,5000000,2000,1,0,1,0,0,5000000
412,TX-0268-412,"Nguyễn Đức Hải",0928270760,E-60717,"Bến xe Phan Thiết","Phan Thiết ➔ Hà Nội",ON_TRIP,65B-104.12,5000000,2000,1,0,1,0,0,5000000
5,TX-6454-5,"Nguyễn Đức Long",0918629572,E-97983,"Bến xe Liên tỉnh Đà Lạt","Đà Lạt ➔ TP. Hồ Chí Minh",ON_TRIP,43B-100.05,5000000,2000,0,0,0,0,0,5000000
432,TX-2523-432,"Nguyễn Đức Long",0970824355,E-57815,"TP. Hồ Chí Minh","TP. Hồ Chí Minh ➔ Đà Lạt",AVAILABLE,51B-104.32,5000000,2000,3,0,3,0,0,5000000
515,TX-1686-515,"Nguyễn Đức Long",0969084481,E-12403,"Bến xe Trung tâm Cần Thơ","Nha Trang ➔ Cần Thơ",AVAILABLE,79B-105.15,5000000,2000,0,0,0,0,0,5000000
241,TX-1551-241,"Nguyễn Đức Quang",0942069542,E-90454,"Hà Nội","Hà Nội ➔ TP. Hồ Chí Minh",ON_TRIP,29B-102.41,5000000,2000,1,0,1,0,0,5000000
154,TX-1820-154,"Nguyễn Đức Sơn",0991959304,E-73240,"Bến xe Trung tâm Đà Nẵng","Đà Nẵng ➔ Nha Trang",ON_TRIP,49B-101.54,5000000,2000,0,0,0,0,0,5000000
629,TX-3003-629,"Nguyễn Hải Long",0982431264,E-59660,"Bến xe phía Nam Nha Trang","Đà Nẵng ➔ Nha Trang",AVAILABLE,43B-106.29,5000000,2000,4,0,4,0,0,5000000
581,TX-8304-581,"Nguyễn Hải Nam",0943530567,E-71758,"Bến xe Trung tâm Đà Nẵng","Đà Nẵng ➔ TP. Hồ Chí Minh",RESTING,43B-105.81,5000000,2000,1,0,1,0,0,5000000
332,TX-1560-332,"Nguyễn Hải Phong",0974936879,E-12937,"Bến xe Liên tỉnh Đà Lạt","Nha Trang ➔ Đà Lạt",RESTING,65B-103.32,5000000,2000,1,0,1,0,0,5000000
910,TX-0734-910,"Nguyễn Hải Phong",0991224815,E-57614,"Vũng Tàu","Vũng Tàu ➔ TP. Hồ Chí Minh",AVAILABLE,72B-109.10,5000000,2000,2,0,2,0,0,5000000
519,TX-2110-519,"Nguyễn Hải Quang",0919703360,E-59110,"Bến xe Phan Thiết","Phan Thiết ➔ Đà Lạt",AVAILABLE,86B-105.19,5000000,2000,0,0,0,0,0,5000000
466,TX-6390-466,"Nguyễn Hải Quang",0979646347,E-74127,"Đà Lạt","Đà Lạt ➔ Cần Thơ",AVAILABLE,49B-104.66,5000000,2000,2,0,2,0,0,5000000
150,TX-1392-150,"Nguyễn Hải Sơn",0972961150,E-30396,"Bến xe Trung tâm Cần Thơ","Cần Thơ ➔ Hà Nội",ON_TRIP,72B-101.50,5000000,2000,1,0,1,0,0,5000000
161,TX-2741-161,"Nguyễn Hải Thắng",0980650508,E-34847,"Bến xe Mỹ Đình","Nha Trang ➔ Hà Nội",AVAILABLE,29B-101.61,5000000,2000,2,0,2,0,0,5000000
905,TX-0232-905,"Nguyễn Hải Thắng",0966390256,E-65550,"Bến xe Trung tâm Đà Nẵng","Hà Nội ➔ Đà Nẵng",AVAILABLE,29B-109.05,5000000,2000,1,0,1,0,0,5000000
594,TX-9681-594,"Nguyễn Hải Trung",0947832326,E-86775,"Đà Lạt","Đà Lạt ➔ Đà Nẵng",AVAILABLE,49B-105.94,5000000,2000,6,0,6,0,0,5000000
131,TX-9306-131,"Nguyễn Hải Trung",0998818110,E-66569,"Bến xe Trung tâm Đà Nẵng","Đà Nẵng ➔ TP. Hồ Chí Minh",ON_TRIP,79B-101.31,5000000,2000,0,0,0,0,0,5000000
864,TX-6125-864,"Nguyễn Hữu Dũng",0910972153,E-64475,"Bến xe Miền Đông mới","TP. Hồ Chí Minh ➔ Nha Trang",ON_TRIP,51B-108.64,5000000,2000,0,0,0,0,0,5000000
627,TX-2817-627,"Nguyễn Hữu Dũng",0984407241,E-89763,"Nha Trang","Nha Trang ➔ Hà Nội",ON_TRIP,79B-106.27,5000000,2000,3,0,3,0,0,5000000
443,TX-3825-443,"Nguyễn Hữu Dũng",0968900675,E-63878,"Bến xe phía Nam Nha Trang","Nha Trang ➔ TP. Hồ Chí Minh",RESTING,79B-104.43,5000000,2000,4,0,4,0,0,5000000
108,TX-6880-108,"Nguyễn Hữu Long",0994625430,E-78613,"Bến xe Vũng Tàu","Vũng Tàu ➔ Đà Nẵng",ON_TRIP,65B-101.08,5000000,2000,0,0,0,0,0,5000000
384,TX-7206-384,"Nguyễn Hữu Long",0933973534,E-39572,"Bến xe Vũng Tàu","Vũng Tàu ➔ Phan Thiết",AVAILABLE,51B-103.84,5000000,2000,1,0,1,0,0,5000000
923,TX-2031-923,"Nguyễn Hữu Nam",0984001127,E-79064,"Bến xe Trung tâm Đà Nẵng","Nha Trang ➔ Đà Nẵng",AVAILABLE,79B-109.23,5000000,2000,0,0,0,0,0,5000000
500,TX-0139-500,"Nguyễn Hữu Phong",0997568657,E-86710,"Cần Thơ","Cần Thơ ➔ Nha Trang",ON_TRIP,65B-105.00,5000000,2000,2,0,2,0,0,5000000
68,TX-2705-68,"Nguyễn Hữu Phong",0970996675,E-17958,"Bến xe Trung tâm Đà Nẵng","Phan Thiết ➔ Đà Nẵng",AVAILABLE,65B-100.68,5000000,2000,1,0,1,0,0,5000000
390,TX-7860-390,"Nguyễn Hữu Quang",0994551399,E-21577,"Vũng Tàu","Vũng Tàu ➔ TP. Hồ Chí Minh",AVAILABLE,72B-103.90,5000000,2000,1,0,1,0,0,5000000
122,TX-8382-122,"Nguyễn Hữu Sơn",0968726476,E-47321,"Hà Nội","Hà Nội ➔ TP. Hồ Chí Minh",ON_TRIP,49B-101.22,5000000,2000,0,0,0,0,0,5000000
609,TX-1111-609,"Nguyễn Hữu Sơn",0945934143,E-26949,"Bến xe Trung tâm Đà Nẵng","Hà Nội ➔ Đà Nẵng",AVAILABLE,29B-106.09,5000000,2000,1,0,1,0,0,5000000
599,TX-0152-599,"Nguyễn Hữu Sơn",0952958451,E-47143,"Phan Thiết","Phan Thiết ➔ Hà Nội",ON_TRIP,86B-105.99,5000000,2000,1,0,1,0,0,5000000
474,TX-7314-474,"Nguyễn Hữu Tuấn",0954629523,E-71194,"Bến xe Liên tỉnh Đà Lạt","Đà Lạt ➔ Cần Thơ",ON_TRIP,49B-104.74,5000000,2000,1,0,1,0,0,5000000
868,TX-6534-868,"Nguyễn Hữu Trung",0966518086,E-50942,"Bến xe Trung tâm Cần Thơ","Cần Thơ ➔ Đà Lạt",AVAILABLE,65B-108.68,5000000,2000,1,0,1,0,0,5000000
855,TX-5202-855,"Nguyễn Minh Dũng",0932160271,E-95465,"Bến xe Miền Đông mới","Phan Thiết ➔ TP. Hồ Chí Minh",AVAILABLE,86B-108.55,5000000,2000,1,1,0,190,380000,5380000
746,TX-4337-746,"Nguyễn Minh Dũng",0975748148,E-91692,"Bến xe Mỹ Đình","Đà Lạt ➔ Hà Nội",ON_TRIP,49B-107.46,5000000,2000,1,0,1,0,0,5000000
830,TX-2633-830,"Nguyễn Minh Dũng",0946675703,E-83982,"Vũng Tàu","Vũng Tàu ➔ Nha Trang",ON_TRIP,72B-108.30,5000000,2000,4,0,4,0,0,5000000
801,TX-9748-801,"Nguyễn Minh Dũng",0992449730,E-73935,"Hà Nội","Hà Nội ➔ Vũng Tàu",ON_TRIP,29B-108.01,5000000,2000,3,0,3,0,0,5000000
160,TX-2632-160,"Nguyễn Minh Dũng",0925506613,E-84925,"Bến xe Trung tâm Cần Thơ","Đà Nẵng ➔ Cần Thơ",AVAILABLE,51B-101.60,5000000,2000,2,0,2,0,0,5000000
606,TX-0823-606,"Nguyễn Minh Long",0949930734,E-79712,"Bến xe Trung tâm Đà Nẵng","Vũng Tàu ➔ Đà Nẵng",AVAILABLE,72B-106.06,5000000,2000,3,0,3,0,0,5000000
649,TX-4899-649,"Nguyễn Minh Nam",0973395074,E-10346,"Hà Nội","Hà Nội ➔ Phan Thiết",ON_TRIP,29B-106.49,5000000,2000,0,0,0,0,0,5000000
710,TX-0798-710,"Nguyễn Minh Nam",0949225149,E-98304,"Bến xe Trung tâm Cần Thơ","Vũng Tàu ➔ Cần Thơ",AVAILABLE,72B-107.10,5000000,2000,1,0,1,0,0,5000000
997,TX-9225-997,"Nguyễn Minh Nam",0966106459,E-82083,"Bến xe Trung tâm Đà Nẵng","Đà Nẵng ➔ Nha Trang",RESTING,43B-109.97,5000000,2000,1,0,1,0,0,5000000
14,TX-7366-14,"Nguyễn Minh Tuấn",0957417041,E-57787,"Bến xe Miền Đông mới","TP. Hồ Chí Minh ➔ Vũng Tàu",AVAILABLE,72B-100.14,5000000,2000,1,0,1,0,0,5000000
458,TX-5456-458,"Nguyễn Minh Tuấn",0988316498,E-99577,"Đà Lạt","Đà Lạt ➔ Đà Nẵng",RESTING,49B-104.58,5000000,2000,1,0,1,0,0,5000000
651,TX-5093-651,"Nguyễn Minh Thắng",0985859663,E-58207,"Nha Trang","Nha Trang ➔ Cần Thơ",ON_TRIP,79B-106.51,5000000,2000,1,0,1,0,0,5000000
863,TX-6025-863,"Nguyễn Minh Thắng",0990893355,E-97818,"Bến xe Phan Thiết","Phan Thiết ➔ Cần Thơ",AVAILABLE,86B-108.63,5000000,2000,1,0,1,0,0,5000000
42,TX-0122-42,"Nguyễn Quang Long",0912338711,E-26339,"Bến xe Phan Thiết","Đà Lạt ➔ Phan Thiết",AVAILABLE,49B-100.42,5000000,2000,0,0,0,0,0,5000000
657,TX-5669-657,"Nguyễn Quang Long",0913114738,E-60525,"Bến xe Trung tâm Đà Nẵng","Đà Nẵng ➔ Vũng Tàu",AVAILABLE,29B-106.57,5000000,2000,1,0,1,0,0,5000000
759,TX-5668-759,"Nguyễn Quang Phong",0948195581,E-77657,"Phan Thiết","Phan Thiết ➔ Nha Trang",ON_TRIP,86B-107.59,5000000,2000,4,0,4,0,0,5000000
363,TX-4893-363,"Nguyễn Quang Phong",0989155603,E-96958,"Bến xe Trung tâm Cần Thơ","Cần Thơ ➔ Hà Nội",ON_TRIP,79B-103.63,5000000,2000,3,0,3,0,0,5000000
853,TX-4995-853,"Nguyễn Quang Sơn",0942077281,E-69337,"Đà Nẵng","Đà Nẵng ➔ Cần Thơ",RESTING,43B-108.53,5000000,2000,3,0,3,0,0,5000000
898,TX-9531-898,"Nguyễn Thành Nam",0921424154,E-39109,"Đà Lạt","Đà Lạt ➔ Vũng Tàu",AVAILABLE,49B-108.98,5000000,2000,2,0,2,0,0,5000000
24,TX-8353-24,"Nguyễn Thành Phong",0992022689,E-61882,"Bến xe Trung tâm Đà Nẵng","Nha Trang ➔ Đà Nẵng",AVAILABLE,51B-100.24,5000000,2000,0,0,0,0,0,5000000
514,TX-1582-514,"Nguyễn Thành Sơn",0986086058,E-29863,"Đà Lạt","Đà Lạt ➔ Đà Nẵng",ON_TRIP,49B-105.14,5000000,2000,4,0,4,0,0,5000000
407,TX-9724-407,"Nguyễn Thành Sơn",0962324714,E-30009,"Bến xe Mỹ Đình","Phan Thiết ➔ Hà Nội",ON_TRIP,86B-104.07,5000000,2000,1,0,1,0,0,5000000
409,TX-9947-409,"Nguyễn Thành Sơn",0970163298,E-95424,"Bến xe Trung tâm Cần Thơ","Đà Lạt ➔ Cần Thơ",AVAILABLE,29B-104.09,5000000,2000,0,0,0,0,0,5000000
658,TX-5764-658,"Nguyễn Thành Tuấn",0955201931,E-67320,"Bến xe Miền Đông mới","Đà Lạt ➔ TP. Hồ Chí Minh",AVAILABLE,49B-106.58,5000000,2000,3,0,3,0,0,5000000
834,TX-3027-834,"Nguyễn Thành Tuấn",0961264711,E-97337,"Đà Lạt","Đà Lạt ➔ Hà Nội",ON_TRIP,49B-108.34,5000000,2000,2,0,2,0,0,5000000
580,TX-8205-580,"Nguyễn Văn Dũng",0962465348,E-83730,"Bến xe Mỹ Đình","Cần Thơ ➔ Hà Nội",ON_TRIP,65B-105.80,5000000,2000,2,0,2,0,0,5000000
289,TX-6788-289,"Nguyễn Văn Dũng",0915935153,E-41549,"Bến xe Vũng Tàu","Hà Nội ➔ Vũng Tàu",AVAILABLE,29B-102.89,5000000,2000,2,0,2,0,0,5000000
494,TX-9518-494,"Nguyễn Văn Nam",0963498733,E-60531,"Bến xe Trung tâm Cần Thơ","Vũng Tàu ➔ Cần Thơ",RESTING,72B-104.94,5000000,2000,2,0,2,0,0,5000000
416,TX-0714-416,"Nguyễn Văn Nam",0967271819,E-70743,"Bến xe Phan Thiết","Phan Thiết ➔ Vũng Tàu",AVAILABLE,51B-104.16,5000000,2000,1,0,1,0,0,5000000
929,TX-2632-929,"Nguyễn Văn Phong",0914698186,E-59442,"Hà Nội","Hà Nội ➔ Phan Thiết",ON_TRIP,29B-109.29,5000000,2000,2,0,2,0,0,5000000
847,TX-4367-847,"Nguyễn Văn Phong",0957288750,E-22482,"Phan Thiết","Phan Thiết ➔ Hà Nội",ON_TRIP,86B-108.47,5000000,2000,2,0,2,0,0,5000000
6,TX-6557-6,"Nguyễn Văn Sơn",0951391845,E-13939,"Bến xe Liên tỉnh Đà Lạt","TP. Hồ Chí Minh ➔ Đà Lạt",AVAILABLE,72B-100.06,5000000,2000,0,0,0,0,0,5000000
355,TX-4079-355,"Nguyễn Văn Tuấn",0945047878,E-63095,"Bến xe Trung tâm Cần Thơ","Cần Thơ ➔ TP. Hồ Chí Minh",AVAILABLE,79B-103.55,5000000,2000,2,0,2,0,0,5000000
15,TX-7463-15,"Nguyễn Văn Tuấn",0987322845,E-23449,"Phan Thiết","Phan Thiết ➔ TP. Hồ Chí Minh",ON_TRIP,86B-100.15,5000000,2000,0,0,0,0,0,5000000
279,TX-5693-279,"Nguyễn Văn Trung",0996516573,E-96517,"Bến xe Mỹ Đình","Nha Trang ➔ Hà Nội",AVAILABLE,86B-102.79,5000000,2000,2,0,2,0,0,5000000
983,TX-7909-983,"Phạm Anh Dũng",0971822547,E-97885,"Bến xe Phan Thiết","Phan Thiết ➔ Đà Nẵng",AVAILABLE,86B-109.83,5000000,2000,2,0,2,0,0,5000000
913,TX-1027-913,"Phạm Anh Hải",0977923660,E-60682,"Hà Nội","Hà Nội ➔ Vũng Tàu",ON_TRIP,29B-109.13,5000000,2000,2,0,2,0,0,5000000
877,TX-7434-877,"Phạm Anh Nam",0976298248,E-29087,"Bến xe Trung tâm Đà Nẵng","Đà Nẵng ➔ Nha Trang",ON_TRIP,43B-108.77,5000000,2000,1,0,1,0,0,5000000
227,TX-9938-227,"Phạm Anh Quang",0999041164,E-97229,"Bến xe Mỹ Đình","ALL",ON_TRIP,79B-102.27,5000000,2000,2,0,2,0,0,5000000
322,TX-0464-322,"Phạm Anh Quang",0987196017,E-13906,"Bến xe Miền Đông mới","Cần Thơ ➔ TP. Hồ Chí Minh",AVAILABLE,49B-103.22,5000000,2000,1,0,1,0,0,5000000
210,TX-8134-210,"Phạm Anh Quang",0979830499,E-23747,"Bến xe Trung tâm Đà Nẵng","TP. Hồ Chí Minh ➔ Đà Nẵng",AVAILABLE,49B-102.10,5000000,2000,1,0,1,0,0,5000000
798,TX-9467-798,"Phạm Anh Quang",0931303054,E-30809,"Bến xe phía Nam Nha Trang","Vũng Tàu ➔ Nha Trang",AVAILABLE,72B-107.98,5000000,2000,0,0,0,0,0,5000000
542,TX-4466-542,"Phạm Anh Quang",0944210884,E-68812,"Vũng Tàu","Vũng Tàu ➔ Đà Nẵng",ON_TRIP,72B-105.42,5000000,2000,1,0,1,0,0,5000000
964,TX-6117-964,"Phạm Anh Sơn",0971935378,E-56559,"Cần Thơ","Cần Thơ ➔ Hà Nội",ON_TRIP,65B-109.64,5000000,2000,2,0,2,0,0,5000000
480,TX-8086-480,"Phạm Anh Trung",0968136253,E-95171,"Bến xe Trung tâm Đà Nẵng","TP. Hồ Chí Minh ➔ Đà Nẵng",RESTING,51B-104.80,5000000,2000,2,0,2,0,0,5000000
237,TX-1057-237,"Phạm Đức Hải",0986999081,E-29635,"Bến xe Miền Đông mới","TP. Hồ Chí Minh ➔ Nha Trang",ON_TRIP,43B-102.37,5000000,2000,1,0,1,0,0,5000000
760,TX-5765-760,"Phạm Đức Phong",0927962226,E-23158,"Bến xe Liên tỉnh Đà Lạt","TP. Hồ Chí Minh ➔ Đà Lạt",AVAILABLE,51B-107.60,5000000,2000,0,0,0,0,0,5000000
134,TX-9639-134,"Phạm Đức Quang",0951194774,E-58648,"Bến xe Trung tâm Đà Nẵng","Đà Nẵng ➔ TP. Hồ Chí Minh",ON_TRIP,72B-101.34,5000000,2000,0,0,0,0,0,5000000
410,TX-0054-410,"Phạm Đức Quang",0956453699,E-24584,"Đà Lạt","Đà Lạt ➔ Hà Nội",ON_TRIP,49B-104.10,5000000,2000,1,0,1,0,0,5000000
467,TX-6540-467,"Phạm Đức Sơn",0989476386,E-53085,"Bến xe Vũng Tàu","Nha Trang ➔ Vũng Tàu",RESTING,79B-104.67,5000000,2000,4,0,4,0,0,5000000
85,TX-4450-85,"Phạm Đức Tuấn",0988128649,E-41433,"Bến xe Trung tâm Cần Thơ","Cần Thơ ➔ Hà Nội",ON_TRIP,43B-100.85,5000000,2000,1,0,1,0,0,5000000
142,TX-0518-142,"Phạm Đức Tuấn",0957297039,E-64522,"Bến xe Liên tỉnh Đà Lạt","Đà Lạt ➔ Phan Thiết",AVAILABLE,72B-101.42,5000000,2000,2,0,2,0,0,5000000
596,TX-9870-596,"Phạm Đức Tuấn",0998819515,E-48439,"Cần Thơ","Cần Thơ ➔ Nha Trang",AVAILABLE,65B-105.96,5000000,2000,6,0,6,0,0,5000000
530,TX-3236-530,"Phạm Đức Thắng",0936292071,E-70979,"Đà Lạt","Đà Lạt ➔ Hà Nội",AVAILABLE,49B-105.30,5000000,2000,6,0,6,0,0,5000000
346,TX-3089-346,"Phạm Đức Trung",0915567628,E-49046,"Bến xe Vũng Tàu","Đà Nẵng ➔ Vũng Tàu",AVAILABLE,49B-103.46,5000000,2000,0,0,0,0,0,5000000
990,TX-8567-990,"Phạm Hải Dũng",0984636213,E-52704,"Vũng Tàu","Vũng Tàu ➔ Đà Nẵng",ON_TRIP,72B-109.90,5000000,2000,3,0,3,0,0,5000000
45,TX-0411-45,"Phạm Hải Dũng",0979371949,E-15859,"Bến xe Mỹ Đình","TP. Hồ Chí Minh ➔ Hà Nội",AVAILABLE,43B-100.45,5000000,2000,2,0,2,0,0,5000000
255,TX-3019-255,"Phạm Hải Hải",0999725547,E-28982,"Bến xe Trung tâm Đà Nẵng","Đà Nẵng ➔ Cần Thơ",ON_TRIP,86B-102.55,5000000,2000,3,0,3,0,0,5000000
966,TX-6307-966,"Phạm Hải Hải",0949388783,E-12864,"Vũng Tàu","Vũng Tàu ➔ Phan Thiết",AVAILABLE,72B-109.66,5000000,2000,2,0,2,0,0,5000000
608,TX-1017-608,"Phạm Hải Hải",0978574870,E-62173,"Bến xe phía Nam Nha Trang","TP. Hồ Chí Minh ➔ Nha Trang",ON_TRIP,51B-106.08,5000000,2000,0,0,0,0,0,5000000
139,TX-0181-139,"Phạm Hải Long",0923535219,E-39806,"Bến xe Mỹ Đình","TP. Hồ Chí Minh ➔ Hà Nội",AVAILABLE,79B-101.39,5000000,2000,3,0,3,0,0,5000000
209,TX-8026-209,"Phạm Hải Nam",0914685692,E-84604,"Bến xe phía Nam Nha Trang","Nha Trang ➔ Vũng Tàu",ON_TRIP,29B-102.09,5000000,2000,0,0,0,0,0,5000000
639,TX-3944-639,"Phạm Hải Phong",0954500832,E-11142,"Bến xe Phan Thiết","Phan Thiết ➔ Vũng Tàu",AVAILABLE,86B-106.39,5000000,2000,0,0,0,0,0,5000000
584,TX-8616-584,"Phạm Hải Phong",0941157367,E-95840,"Bến xe Trung tâm Cần Thơ","TP. Hồ Chí Minh ➔ Cần Thơ",AVAILABLE,51B-105.84,5000000,2000,1,1,0,170,340000,5340000
478,TX-7751-478,"Phạm Hải Quang",0937970082,E-26537,"Vũng Tàu","Vũng Tàu ➔ Đà Nẵng",ON_TRIP,72B-104.78,5000000,2000,7,0,7,0,0,5000000
64,TX-2310-64,"Phạm Hải Quang",0938774919,E-57624,"Bến xe Phan Thiết","TP. Hồ Chí Minh ➔ Phan Thiết",AVAILABLE,51B-100.64,5000000,2000,0,0,0,0,0,5000000
626,TX-2723-626,"Phạm Hải Quang",0953161719,E-29961,"Đà Lạt","Đà Lạt ➔ Đà Nẵng",AVAILABLE,49B-106.26,5000000,2000,3,0,3,0,0,5000000
743,TX-4041-743,"Phạm Hải Quang",0938426103,E-94783,"Phan Thiết","Phan Thiết ➔ Hà Nội",ON_TRIP,86B-107.43,5000000,2000,1,0,1,0,0,5000000
716,TX-1363-716,"Phạm Hải Quang",0979842234,E-29454,"Bến xe Phan Thiết","Cần Thơ ➔ Phan Thiết",AVAILABLE,65B-107.16,5000000,2000,2,0,2,0,0,5000000
383,TX-7103-383,"Phạm Hải Sơn",0994636286,E-70346,"Phan Thiết","Phan Thiết ➔ Hà Nội",ON_TRIP,86B-103.83,5000000,2000,3,0,3,0,0,5000000
266,TX-4257-266,"Phạm Hải Tuấn",0911338633,E-36890,"Bến xe Phan Thiết","Nha Trang ➔ Phan Thiết",AVAILABLE,49B-102.66,5000000,2000,1,1,0,250,500000,5500000
63,TX-2209-63,"Phạm Hải Thắng",0942085433,E-64074,"Bến xe phía Nam Nha Trang","Nha Trang ➔ Đà Lạt",ON_TRIP,86B-100.63,5000000,2000,0,0,0,0,0,5000000
786,TX-8321-786,"Phạm Hải Thắng",0987952339,E-48030,"Đà Lạt","Đà Lạt ➔ Đà Nẵng",AVAILABLE,49B-107.86,5000000,2000,2,0,2,0,0,5000000
130,TX-9202-130,"Phạm Hữu Dũng",0943375875,E-35103,"Bến xe Miền Đông mới","TP. Hồ Chí Minh ➔ Đà Lạt",ON_TRIP,49B-101.30,5000000,2000,0,0,0,0,0,5000000
501,TX-0238-501,"Phạm Hữu Hải",0956707779,E-63699,"Bến xe Mỹ Đình","ALL",ON_TRIP,43B-105.01,5000000,2000,2,0,2,0,0,5000000
948,TX-4549-948,"Phạm Hữu Hải",0956287885,E-32429,"Bến xe Trung tâm Cần Thơ","Cần Thơ ➔ Đà Lạt",AVAILABLE,65B-109.48,5000000,2000,0,0,0,0,0,5000000
123,TX-8488-123,"Phạm Hữu Long",0928452922,E-16688,"Vũng Tàu","Vũng Tàu ➔ Nha Trang",ON_TRIP,79B-101.23,5000000,2000,0,0,0,0,0,5000000
715,TX-1270-715,"Phạm Hữu Long",0979296091,E-78065,"Nha Trang","Nha Trang ➔ Hà Nội",ON_TRIP,79B-107.15,5000000,2000,2,0,2,0,0,5000000
808,TX-0409-808,"Phạm Hữu Long",0912324039,E-25605,"TP. Hồ Chí Minh","TP. Hồ Chí Minh ➔ Cần Thơ",AVAILABLE,51B-108.08,5000000,2000,0,0,0,0,0,5000000
192,TX-6191-192,"Phạm Hữu Nam",0916552034,E-23982,"Bến xe Liên tỉnh Đà Lạt","Nha Trang ➔ Đà Lạt",AVAILABLE,51B-101.92,5000000,2000,0,0,0,0,0,5000000
114,TX-7517-114,"Phạm Hữu Nam",0983074113,E-26706,"Bến xe Phan Thiết","Cần Thơ ➔ Phan Thiết",AVAILABLE,49B-101.14,5000000,2000,2,0,2,0,0,5000000
589,TX-9173-589,"Phạm Hữu Phong",0977058252,E-49353,"Bến xe Liên tỉnh Đà Lạt","Đà Lạt ➔ Vũng Tàu",AVAILABLE,43B-105.89,5000000,2000,1,0,1,0,0,5000000
539,TX-4150-539,"Phạm Hữu Phong",0928699155,E-90392,"Bến xe phía Nam Nha Trang","Nha Trang ➔ Đà Nẵng",ON_TRIP,79B-105.39,5000000,2000,0,0,0,0,0,5000000
522,TX-2424-522,"Phạm Hữu Quang",0937204436,E-67649,"Bến xe Liên tỉnh Đà Lạt","Đà Lạt ➔ Cần Thơ",ON_TRIP,49B-105.22,5000000,2000,1,0,1,0,0,5000000
275,TX-5240-275,"Phạm Hữu Sơn",0969155778,E-11691,"Bến xe Miền Đông mới","TP. Hồ Chí Minh ➔ Nha Trang",AVAILABLE,79B-102.75,5000000,2000,0,0,0,0,0,5000000
73,TX-3215-73,"Phạm Hữu Thắng",0956477941,E-97368,"Hà Nội","Hà Nội ➔ TP. Hồ Chí Minh",ON_TRIP,29B-100.73,5000000,2000,0,0,0,0,0,5000000
82,TX-4149-82,"Phạm Hữu Thắng",0989826825,E-95987,"Bến xe Phan Thiết","Đà Nẵng ➔ Phan Thiết",AVAILABLE,49B-100.82,5000000,2000,1,0,1,0,0,5000000
506,TX-0749-506,"Phạm Hữu Thắng",0950526598,E-59661,"Bến xe Trung tâm Đà Nẵng","Đà Lạt ➔ Đà Nẵng",AVAILABLE,49B-105.06,5000000,2000,0,0,0,0,0,5000000
775,TX-7246-775,"Phạm Hữu Thắng",0978863575,E-67961,"Bến xe Liên tỉnh Đà Lạt","Phan Thiết ➔ Đà Lạt",AVAILABLE,86B-107.75,5000000,2000,1,0,1,0,0,5000000
531,TX-3349-531,"Phạm Hữu Thắng",0940584155,E-12463,"Bến xe Trung tâm Đà Nẵng","Nha Trang ➔ Đà Nẵng",RESTING,79B-105.31,5000000,2000,3,0,3,0,0,5000000
103,TX-6371-103,"Phạm Hữu Thắng",0914515987,E-51774,"Bến xe Trung tâm Đà Nẵng","Đà Nẵng ➔ Nha Trang",ON_TRIP,86B-101.03,5000000,2000,0,0,0,0,0,5000000
292,TX-7123-292,"Phạm Hữu Trung",0955212445,E-58194,"Bến xe Trung tâm Cần Thơ","Đà Lạt ➔ Cần Thơ",ON_TRIP,65B-102.92,5000000,2000,1,0,1,0,0,5000000
638,TX-3849-638,"Phạm Hữu Trung",0976038587,E-17636,"Bến xe Phan Thiết","Vũng Tàu ➔ Phan Thiết",AVAILABLE,72B-106.38,5000000,2000,1,0,1,0,0,5000000
557,TX-5924-557,"Phạm Minh Dũng",0919482147,E-87378,"Bến xe Liên tỉnh Đà Lạt","Đà Lạt ➔ Phan Thiết",AVAILABLE,43B-105.57,5000000,2000,1,1,0,160,320000,5320000
205,TX-7592-205,"Phạm Minh Dũng",0970734272,E-44282,"Bến xe Miền Đông mới","TP. Hồ Chí Minh ➔ Nha Trang",AVAILABLE,43B-102.05,5000000,2000,0,0,0,0,0,5000000
793,TX-8979-793,"Phạm Minh Hải",0947147211,E-20120,"Bến xe Vũng Tàu","Hà Nội ➔ Vũng Tàu",ON_TRIP,29B-107.93,5000000,2000,2,0,2,0,0,5000000
35,TX-9428-35,"Phạm Minh Hải",0998150977,E-91716,"Bến xe Trung tâm Cần Thơ","TP. Hồ Chí Minh ➔ Cần Thơ",AVAILABLE,79B-100.35,5000000,2000,0,0,0,0,0,5000000
58,TX-1700-58,"Phạm Minh Long",0985548521,E-31664,"Bến xe Vũng Tàu","Nha Trang ➔ Vũng Tàu",AVAILABLE,49B-100.58,5000000,2000,0,0,0,0,0,5000000
813,TX-0910-813,"Phạm Minh Nam",0914681276,E-24374,"Đà Nẵng","Đà Nẵng ➔ Vũng Tàu",ON_TRIP,43B-108.13,5000000,2000,6,0,6,0,0,5000000
719,TX-1645-719,"Phạm Minh Nam",0981769200,E-79267,"Bến xe Phan Thiết","Phan Thiết ➔ Đà Nẵng",AVAILABLE,86B-107.19,5000000,2000,3,0,3,0,0,5000000
51,TX-1015-51,"Phạm Minh Phong",0946246509,E-34291,"Bến xe Trung tâm Cần Thơ","Cần Thơ ➔ Đà Nẵng",ON_TRIP,79B-100.51,5000000,2000,0,0,0,0,0,5000000
146,TX-0962-146,"Phạm Minh Phong",0941236841,E-82107,"Bến xe Trung tâm Đà Nẵng","Đà Nẵng ➔ Phan Thiết",ON_TRIP,49B-101.46,5000000,2000,0,0,0,0,0,5000000
250,TX-2480-250,"Phạm Minh Quang",0970058423,E-18185,"Bến xe Phan Thiết","Phan Thiết ➔ Cần Thơ",RESTING,49B-102.50,5000000,2000,2,1,1,380,760000,5760000
373,TX-6011-373,"Phạm Minh Quang",0998678438,E-96094,"Bến xe Mỹ Đình","Đà Nẵng ➔ Hà Nội",ON_TRIP,43B-103.73,5000000,2000,1,0,1,0,0,5000000
459,TX-5565-459,"Phạm Minh Sơn",0917542356,E-72504,"Nha Trang","Nha Trang ➔ Đà Nẵng",AVAILABLE,79B-104.59,5000000,2000,6,0,6,0,0,5000000
253,TX-2810-253,"Phạm Minh Tuấn",0958761097,E-43954,"Bến xe phía Nam Nha Trang","Nha Trang ➔ Cần Thơ",AVAILABLE,43B-102.53,5000000,2000,1,0,1,0,0,5000000
588,TX-9066-588,"Phạm Minh Tuấn",0929927698,E-49817,"Cần Thơ","Cần Thơ ➔ Nha Trang",AVAILABLE,65B-105.88,5000000,2000,2,0,2,0,0,5000000
10,TX-6955-10,"Phạm Minh Thắng",0975308243,E-83389,"Hà Nội","Hà Nội ➔ TP. Hồ Chí Minh",ON_TRIP,49B-100.10,5000000,2000,1,0,1,0,0,5000000
117,TX-7837-117,"Phạm Quang Dũng",0991715677,E-26345,"Bến xe phía Nam Nha Trang","Phan Thiết ➔ Nha Trang",AVAILABLE,43B-101.17,5000000,2000,0,0,0,0,0,5000000
396,TX-8509-396,"Phạm Quang Hải",0978196422,E-75457,"Bến xe Trung tâm Đà Nẵng","Đà Nẵng ➔ Vũng Tàu",RESTING,65B-103.96,5000000,2000,1,0,1,0,0,5000000
337,TX-2086-337,"Phạm Quang Hải",0939438080,E-67742,"Hà Nội","Hà Nội ➔ Vũng Tàu",ON_TRIP,29B-103.37,5000000,2000,1,0,1,0,0,5000000
411,TX-0164-411,"Phạm Quang Long",0939915556,E-39826,"Bến xe phía Nam Nha Trang","Vũng Tàu ➔ Nha Trang",RESTING,79B-104.11,5000000,2000,1,1,0,360,720000,5720000
78,TX-3720-78,"Phạm Quang Long",0935177862,E-60735,"TP. Hồ Chí Minh","TP. Hồ Chí Minh ➔ Nha Trang",ON_TRIP,72B-100.78,5000000,2000,0,0,0,0,0,5000000
71,TX-3017-71,"Phạm Quang Nam",0936396745,E-13409,"Bến xe Trung tâm Cần Thơ","Cần Thơ ➔ Hà Nội",ON_TRIP,86B-100.71,5000000,2000,1,0,1,0,0,5000000
684,TX-8336-684,"Phạm Quang Tuấn",0980104588,E-33846,"Cần Thơ","Cần Thơ ➔ Đà Lạt",AVAILABLE,65B-106.84,5000000,2000,8,0,8,0,0,5000000
67,TX-2602-67,"Phạm Quang Thắng",0915066384,E-60449,"Đà Lạt","Đà Lạt ➔ Vũng Tàu",ON_TRIP,79B-100.67,5000000,2000,0,0,0,0,0,5000000
895,TX-9234-895,"Phạm Quang Trung",0918838182,E-85094,"Phan Thiết","Phan Thiết ➔ Vũng Tàu",AVAILABLE,86B-108.95,5000000,2000,7,0,7,0,0,5000000
12,TX-7163-12,"Phạm Thành Hải",0965807448,E-32301,"Cần Thơ","Cần Thơ ➔ Vũng Tàu",ON_TRIP,65B-100.12,5000000,2000,0,0,0,0,0,5000000
98,TX-5835-98,"Phạm Thành Hải",0985298151,E-86801,"Hà Nội","Đà Nẵng ➔ Hà Nội",AVAILABLE,49B-100.98,5000000,2000,6,0,6,0,0,5000000
168,TX-3585-168,"Phạm Thành Long",0958694239,E-10347,"Bến xe Trung tâm Đà Nẵng","Cần Thơ ➔ Đà Nẵng",AVAILABLE,51B-101.68,5000000,2000,2,0,2,0,0,5000000
254,TX-2917-254,"Phạm Thành Nam",0924236439,E-49794,"Bến xe Trung tâm Cần Thơ","Cần Thơ ➔ TP. Hồ Chí Minh",AVAILABLE,72B-102.54,5000000,2000,0,0,0,0,0,5000000
960,TX-5740-960,"Phạm Thành Nam",0977500950,E-10970,"Đà Nẵng","TP. Hồ Chí Minh ➔ Đà Nẵng",RESTING,51B-109.60,5000000,2000,2,0,2,0,0,5000000
561,TX-6325-561,"Phạm Thành Phong",0947421111,E-48495,"Bến xe Trung tâm Đà Nẵng","Đà Nẵng ➔ Phan Thiết",ON_TRIP,29B-105.61,5000000,2000,1,0,1,0,0,5000000
667,TX-6626-667,"Phạm Thành Phong",0992277359,E-49280,"Đà Nẵng","Nha Trang ➔ Đà Nẵng",RESTING,79B-106.67,5000000,2000,1,0,1,0,0,5000000
631,TX-3191-631,"Phạm Thành Quang",0916001524,E-60594,"Bến xe Trung tâm Đà Nẵng","Phan Thiết ➔ Đà Nẵng",AVAILABLE,86B-106.31,5000000,2000,4,0,4,0,0,5000000
915,TX-1226-915,"Phạm Thành Tuấn",0947316464,E-57810,"Nha Trang","Nha Trang ➔ Cần Thơ",AVAILABLE,79B-109.15,5000000,2000,8,0,8,0,0,5000000
333,TX-1658-333,"Phạm Thành Tuấn",0987818190,E-53921,"Đà Nẵng","Đà Nẵng ➔ Hà Nội",ON_TRIP,43B-103.33,5000000,2000,3,0,3,0,0,5000000
9,TX-6860-9,"Phạm Thành Thắng",0923887342,E-58036,"Bến xe Trung tâm Đà Nẵng","Đà Nẵng ➔ Phan Thiết",ON_TRIP,29B-100.09,5000000,2000,0,0,0,0,0,5000000
47,TX-0607-47,"Phạm Văn Hải",0933027616,E-19261,"Bến xe Liên tỉnh Đà Lạt","Đà Lạt ➔ Đà Nẵng",RESTING,86B-100.47,5000000,2000,1,0,1,0,0,5000000
270,TX-4690-270,"Phạm Văn Long",0924226063,E-50751,"Bến xe Vũng Tàu","Phan Thiết ➔ Vũng Tàu",AVAILABLE,72B-102.70,5000000,2000,0,0,0,0,0,5000000
175,TX-4320-175,"Phạm Văn Long",0964871222,E-57641,"Bến xe Miền Đông mới","TP. Hồ Chí Minh ➔ Hà Nội",ON_TRIP,86B-101.75,5000000,2000,0,0,0,0,0,5000000
321,TX-0355-321,"Phạm Văn Phong",0919078263,E-86209,"Bến xe Vũng Tàu","Đà Nẵng ➔ Vũng Tàu",AVAILABLE,29B-103.21,5000000,2000,1,0,1,0,0,5000000
787,TX-8414-787,"Phạm Văn Phong",0949695317,E-44111,"Nha Trang","Nha Trang ➔ Hà Nội",ON_TRIP,79B-107.87,5000000,2000,2,0,2,0,0,5000000
777,TX-7447-777,"Phạm Văn Phong",0999195243,E-71998,"Hà Nội","Hà Nội ➔ Nha Trang",ON_TRIP,29B-107.77,5000000,2000,3,0,3,0,0,5000000
634,TX-3473-634,"Phạm Văn Sơn",0971154263,E-11072,"Bến xe Liên tỉnh Đà Lạt","Đà Lạt ➔ Cần Thơ",AVAILABLE,49B-106.34,5000000,2000,4,0,4,0,0,5000000
477,TX-7641-477,"Phạm Văn Tuấn",0951112301,E-14538,"Bến xe Mỹ Đình","ALL",ON_TRIP,43B-104.77,5000000,2000,2,0,2,0,0,5000000
635,TX-3567-635,"Phạm Văn Tuấn",0936613543,E-38930,"Bến xe Liên tỉnh Đà Lạt","Nha Trang ➔ Đà Lạt",AVAILABLE,79B-106.35,5000000,2000,1,1,0,140,280000,5280000
944,TX-4138-944,"Phạm Văn Tuấn",0976246184,E-50407,"Bến xe Miền Đông mới","TP. Hồ Chí Minh ➔ Cần Thơ",RESTING,51B-109.44,5000000,2000,1,0,1,0,0,5000000
665,TX-6430-665,"Phạm Văn Tuấn",0960642636,E-18335,"Hà Nội","Hà Nội ➔ Đà Nẵng",AVAILABLE,29B-106.65,5000000,2000,9,0,9,0,0,5000000
758,TX-5563-758,"Phạm Văn Tuấn",0957492542,E-63444,"Bến xe Miền Đông mới","Vũng Tàu ➔ TP. Hồ Chí Minh",AVAILABLE,72B-107.58,5000000,2000,1,0,1,0,0,5000000
984,TX-8005-984,"Phạm Văn Tuấn",0962915894,E-18803,"TP. Hồ Chí Minh","TP. Hồ Chí Minh ➔ Đà Nẵng",ON_TRIP,51B-109.84,5000000,2000,5,0,5,0,0,5000000
697,TX-9559-697,"Phạm Văn Thắng",0915635927,E-46504,"Hà Nội","Hà Nội ➔ Đà Lạt",ON_TRIP,29B-106.97,5000000,2000,3,0,3,0,0,5000000
102,TX-6265-102,"Phan Anh Nam",0914721535,E-14187,"TP. Hồ Chí Minh","TP. Hồ Chí Minh ➔ Phan Thiết",ON_TRIP,72B-101.02,5000000,2000,0,0,0,0,0,5000000
282,TX-6025-282,"Phan Anh Phong",0952580593,E-76015,"Bến xe Liên tỉnh Đà Lạt","Vũng Tàu ➔ Đà Lạt",AVAILABLE,49B-102.82,5000000,2000,2,1,1,300,600000,5600000
814,TX-1012-814,"Phan Anh Phong",0928767291,E-21804,"TP. Hồ Chí Minh","Vũng Tàu ➔ TP. Hồ Chí Minh",AVAILABLE,72B-108.14,5000000,2000,0,0,0,0,0,5000000
504,TX-0535-504,"Phan Anh Sơn",0929535591,E-92999,"TP. Hồ Chí Minh","TP. Hồ Chí Minh ➔ Hà Nội",ON_TRIP,51B-105.04,5000000,2000,4,0,4,0,0,5000000
247,TX-2155-247,"Phan Anh Sơn",0942662582,E-84500,"TP. Hồ Chí Minh","Vũng Tàu ➔ TP. Hồ Chí Minh",AVAILABLE,86B-102.47,5000000,2000,6,0,6,0,0,5000000
182,TX-5093-182,"Phan Anh Sơn",0925995956,E-61221,"Bến xe phía Nam Nha Trang","Vũng Tàu ➔ Nha Trang",AVAILABLE,72B-101.82,5000000,2000,3,0,3,0,0,5000000
789,TX-8603-789,"Phan Anh Tuấn",0964477684,E-66238,"Bến xe Vũng Tàu","Đà Nẵng ➔ Vũng Tàu",RESTING,43B-107.89,5000000,2000,1,0,1,0,0,5000000
827,TX-2330-827,"Phan Anh Tuấn",0925415735,E-82487,"Nha Trang","Nha Trang ➔ TP. Hồ Chí Minh",AVAILABLE,79B-108.27,5000000,2000,3,0,3,0,0,5000000
521,TX-2323-521,"Phan Anh Tuấn",0976012609,E-50538,"Bến xe Trung tâm Đà Nẵng","Đà Nẵng ➔ Cần Thơ",AVAILABLE,29B-105.21,5000000,2000,2,0,2,0,0,5000000
1000,TX-9508-1000,"Phan Anh Tuấn",0958085625,E-99607,"Bến xe Miền Đông mới","TP. Hồ Chí Minh ➔ Cần Thơ",RESTING,51B-110.00,5000000,2000,1,0,1,0,0,5000000
731,TX-2844-731,"Phan Anh Tuấn",0979076144,E-34328,"Bến xe phía Nam Nha Trang","Nha Trang ➔ TP. Hồ Chí Minh",AVAILABLE,79B-107.31,5000000,2000,0,0,0,0,0,5000000
685,TX-8430-685,"Phan Anh Trung",0939794636,E-51352,"Đà Nẵng","Đà Nẵng ➔ Cần Thơ",ON_TRIP,43B-106.85,5000000,2000,2,0,2,0,0,5000000
55,TX-1410-55,"Phan Anh Trung",0959353264,E-93723,"Bến xe phía Nam Nha Trang","Nha Trang ➔ Vũng Tàu",ON_TRIP,86B-100.55,5000000,2000,0,0,0,0,0,5000000
400,TX-8954-400,"Phan Anh Trung",0935159124,E-97561,"Bến xe Mỹ Đình","Nha Trang ➔ Hà Nội",ON_TRIP,51B-104.00,5000000,2000,1,0,1,0,0,5000000
549,TX-5167-549,"Phan Đức Hải",0937237695,E-90070,"Đà Nẵng","Đà Nẵng ➔ Nha Trang",AVAILABLE,43B-105.49,5000000,2000,5,0,5,0,0,5000000
982,TX-7814-982,"Phan Đức Hải",0940445982,E-16092,"Bến xe Miền Đông mới","Vũng Tàu ➔ TP. Hồ Chí Minh",AVAILABLE,72B-109.82,5000000,2000,0,0,0,0,0,5000000
425,TX-1734-425,"Phan Đức Hải",0982638335,E-45067,"Bến xe phía Nam Nha Trang","Nha Trang ➔ TP. Hồ Chí Minh",AVAILABLE,29B-104.25,5000000,2000,0,0,0,0,0,5000000
251,TX-2588-251,"Phan Đức Nam",0976150582,E-74297,"Bến xe Liên tỉnh Đà Lạt","Đà Lạt ➔ TP. Hồ Chí Minh",RESTING,79B-102.51,5000000,2000,1,0,1,0,0,5000000
324,TX-0719-324,"Phan Đức Nam",0992199152,E-79282,"Bến xe Liên tỉnh Đà Lạt","Đà Lạt ➔ TP. Hồ Chí Minh",ON_TRIP,65B-103.24,5000000,2000,2,0,2,0,0,5000000
171,TX-3900-171,"Phan Đức Phong",0952803427,E-11799,"Bến xe Miền Đông mới","TP. Hồ Chí Minh ➔ Phan Thiết",ON_TRIP,79B-101.71,5000000,2000,0,0,0,0,0,5000000
278,TX-5581-278,"Phan Đức Quang",0919338606,E-62248,"Đà Lạt","Nha Trang ➔ Đà Lạt",AVAILABLE,72B-102.78,5000000,2000,5,0,5,0,0,5000000
438,TX-3179-438,"Phan Đức Sơn",0985742386,E-12190,"Vũng Tàu","Vũng Tàu ➔ Đà Nẵng",AVAILABLE,72B-104.38,5000000,2000,7,0,7,0,0,5000000
427,TX-1958-427,"Phan Đức Sơn",0945081692,E-99491,"Nha Trang","Nha Trang ➔ Vũng Tàu",AVAILABLE,79B-104.27,5000000,2000,10,0,10,0,0,5000000
936,TX-3334-936,"Phan Đức Tuấn",0955880694,E-78373,"Bến xe Miền Đông mới","TP. Hồ Chí Minh ➔ Đà Lạt",RESTING,51B-109.36,5000000,2000,4,0,4,0,0,5000000
544,TX-4668-544,"Phan Đức Tuấn",0943902203,E-58083,"Bến xe Miền Đông mới","TP. Hồ Chí Minh ➔ Cần Thơ",AVAILABLE,51B-105.44,5000000,2000,1,0,1,0,0,5000000
625,TX-2628-625,"Phan Hải Dũng",0990345940,E-51069,"Đà Nẵng","Hà Nội ➔ Đà Nẵng",AVAILABLE,29B-106.25,5000000,2000,6,0,6,0,0,5000000
497,TX-9815-497,"Phan Hải Hải",0979852383,E-45446,"Bến xe Trung tâm Đà Nẵng","Nha Trang ➔ Đà Nẵng",AVAILABLE,29B-104.97,5000000,2000,1,0,1,0,0,5000000
921,TX-1831-921,"Phan Hải Long",0928694662,E-98027,"Hà Nội","Hà Nội ➔ Vũng Tàu",ON_TRIP,29B-109.21,5000000,2000,1,0,1,0,0,5000000
439,TX-3282-439,"Phan Hải Long",0943120310,E-18612,"Bến xe phía Nam Nha Trang","Phan Thiết ➔ Nha Trang",AVAILABLE,86B-104.39,5000000,2000,3,1,2,250,500000,5500000
621,TX-2252-621,"Phan Hải Nam",0937900268,E-20213,"Bến xe Phan Thiết","Phan Thiết ➔ Nha Trang",RESTING,43B-106.21,5000000,2000,1,0,1,0,0,5000000
244,TX-1863-244,"Phan Hải Nam",0962834728,E-86423,"Nha Trang","Nha Trang ➔ Đà Lạt",AVAILABLE,65B-102.44,5000000,2000,11,0,11,0,0,5000000
686,TX-8522-686,"Phan Hải Phong",0926323199,E-50037,"Vũng Tàu","Vũng Tàu ➔ Phan Thiết",ON_TRIP,72B-106.86,5000000,2000,5,0,5,0,0,5000000
532,TX-3449-532,"Phan Hải Phong",0981885621,E-55282,"Bến xe Phan Thiết","Cần Thơ ➔ Phan Thiết",RESTING,65B-105.32,5000000,2000,6,0,6,0,0,5000000
350,TX-3528-350,"Phan Hải Phong",0979359988,E-64085,"Bến xe Liên tỉnh Đà Lạt","Đà Lạt ➔ TP. Hồ Chí Minh",AVAILABLE,72B-103.50,5000000,2000,0,0,0,0,0,5000000
84,TX-4347-84,"Phan Hải Quang",0940682428,E-52869,"Bến xe Phan Thiết","Phan Thiết ➔ TP. Hồ Chí Minh",ON_TRIP,65B-100.84,5000000,2000,0,0,0,0,0,5000000
303,TX-8347-303,"Phan Hải Sơn",0913220757,E-38865,"Bến xe Trung tâm Cần Thơ","Cần Thơ ➔ Đà Lạt",AVAILABLE,86B-103.03,5000000,2000,2,0,2,0,0,5000000
357,TX-4278-357,"Phan Hải Trung",0979145865,E-86558,"Đà Nẵng","Đà Nẵng ➔ Vũng Tàu",ON_TRIP,43B-103.57,5000000,2000,5,0,5,0,0,5000000
197,TX-6743-197,"Phan Hữu Dũng",0972319516,E-16844,"Bến xe phía Nam Nha Trang","Nha Trang ➔ Vũng Tàu",ON_TRIP,43B-101.97,5000000,2000,1,0,1,0,0,5000000
623,TX-2440-623,"Phan Hữu Long",0918816047,E-53163,"Bến xe Phan Thiết","Phan Thiết ➔ TP. Hồ Chí Minh",AVAILABLE,86B-106.23,5000000,2000,0,0,0,0,0,5000000
422,TX-1383-422,"Phan Hữu Nam",0988619282,E-31247,"Vũng Tàu","Vũng Tàu ➔ Hà Nội",ON_TRIP,72B-104.22,5000000,2000,1,0,1,0,0,5000000
558,TX-6023-558,"Phan Hữu Phong",0922133428,E-63631,"Bến xe Trung tâm Cần Thơ","Vũng Tàu ➔ Cần Thơ",AVAILABLE,72B-105.58,5000000,2000,0,0,0,0,0,5000000
538,TX-4044-538,"Phan Hữu Phong",0913697579,E-85295,"Bến xe Liên tỉnh Đà Lạt","Đà Lạt ➔ TP. Hồ Chí Minh",AVAILABLE,49B-105.38,5000000,2000,0,0,0,0,0,5000000
569,TX-7105-569,"Phan Hữu Quang",0942821431,E-55068,"Hà Nội","Hà Nội ➔ Phan Thiết",ON_TRIP,29B-105.69,5000000,2000,1,0,1,0,0,5000000
191,TX-6081-191,"Phan Hữu Quang",0975350355,E-43920,"Bến xe Trung tâm Cần Thơ","Cần Thơ ➔ Phan Thiết",ON_TRIP,86B-101.91,5000000,2000,0,0,0,0,0,5000000
718,TX-1552-718,"Phan Hữu Tuấn",0940852841,E-66204,"Vũng Tàu","Vũng Tàu ➔ Phan Thiết",AVAILABLE,72B-107.18,5000000,2000,1,0,1,0,0,5000000
187,TX-5653-187,"Phan Hữu Thắng",0984038758,E-88756,"Bến xe Trung tâm Đà Nẵng","Đà Nẵng ➔ Phan Thiết",ON_TRIP,79B-101.87,5000000,2000,0,0,0,0,0,5000000
217,TX-8902-217,"Phan Hữu Trung",0976662640,E-65706,"Hà Nội","Hà Nội ➔ TP. Hồ Chí Minh",ON_TRIP,29B-102.17,5000000,2000,0,0,0,0,0,5000000
671,TX-7026-671,"Phan Minh Dũng",0952168749,E-97590,"Bến xe Vũng Tàu","Phan Thiết ➔ Vũng Tàu",AVAILABLE,86B-106.71,5000000,2000,1,0,1,0,0,5000000
87,TX-4675-87,"Phan Minh Hải",0987939603,E-10598,"Bến xe Trung tâm Cần Thơ","Cần Thơ ➔ Hà Nội",ON_TRIP,86B-100.87,5000000,2000,1,0,1,0,0,5000000
941,TX-3838-941,"Phan Minh Hải",0934515263,E-97515,"Bến xe Trung tâm Đà Nẵng","Đà Nẵng ➔ Vũng Tàu",ON_TRIP,43B-109.41,5000000,2000,0,0,0,0,0,5000000
881,TX-7839-881,"Phan Minh Long",0938708381,E-54683,"Bến xe Trung tâm Đà Nẵng","Hà Nội ➔ Đà Nẵng",RESTING,29B-108.81,5000000,2000,2,0,2,0,0,5000000
211,TX-8254-211,"Phan Minh Long",0999352993,E-76789,"Bến xe Trung tâm Đà Nẵng","Cần Thơ ➔ Đà Nẵng",AVAILABLE,79B-102.11,5000000,2000,1,0,1,0,0,5000000
858,TX-5503-858,"Phan Minh Nam",0924652523,E-88857,"Bến xe Liên tỉnh Đà Lạt","Đà Lạt ➔ Đà Nẵng",AVAILABLE,49B-108.58,5000000,2000,0,0,0,0,0,5000000
246,TX-2057-246,"Phan Minh Nam",0997136638,E-43605,"Đà Lạt","Đà Lạt ➔ Đà Nẵng",AVAILABLE,72B-102.46,5000000,2000,7,0,7,0,0,5000000
819,TX-1508-819,"Phan Minh Thắng",0977638735,E-26850,"Nha Trang","Nha Trang ➔ Đà Nẵng",ON_TRIP,79B-108.19,5000000,2000,4,0,4,0,0,5000000
526,TX-2824-526,"Phan Minh Thắng",0997546457,E-35965,"Bến xe Vũng Tàu","Vũng Tàu ➔ Đà Lạt",AVAILABLE,72B-105.26,5000000,2000,1,0,1,0,0,5000000
672,TX-7126-672,"Phan Minh Thắng",0927314088,E-36863,"Bến xe Miền Đông mới","TP. Hồ Chí Minh ➔ Nha Trang",AVAILABLE,51B-106.72,5000000,2000,0,0,0,0,0,5000000
50,TX-0915-50,"Phan Minh Trung",0910633105,E-21751,"Bến xe phía Nam Nha Trang","Nha Trang ➔ TP. Hồ Chí Minh",ON_TRIP,49B-100.50,5000000,2000,0,0,0,0,0,5000000
496,TX-9708-496,"Phan Quang Dũng",0964833647,E-51996,"Bến xe Phan Thiết","TP. Hồ Chí Minh ➔ Phan Thiết",AVAILABLE,51B-104.96,5000000,2000,1,1,0,190,380000,5380000
294,TX-7347-294,"Phan Quang Dũng",0933081316,E-95096,"Bến xe Trung tâm Cần Thơ","Cần Thơ ➔ Phan Thiết",RESTING,72B-102.94,5000000,2000,2,0,2,0,0,5000000
212,TX-8363-212,"Phan Quang Dũng",0941591986,E-61396,"Bến xe Miền Đông mới","Đà Lạt ➔ TP. Hồ Chí Minh",RESTING,65B-102.12,5000000,2000,1,0,1,0,0,5000000
879,TX-7637-879,"Phan Quang Dũng",0957308580,E-72890,"Phan Thiết","Phan Thiết ➔ Hà Nội",ON_TRIP,86B-108.79,5000000,2000,1,0,1,0,0,5000000
794,TX-9074-794,"Phan Quang Hải",0984099406,E-31962,"Bến xe Liên tỉnh Đà Lạt","Đà Lạt ➔ Đà Nẵng",ON_TRIP,49B-107.94,5000000,2000,0,0,0,0,0,5000000
426,TX-1850-426,"Phan Quang Long",0938553434,E-84676,"Đà Lạt","Đà Lạt ➔ Phan Thiết",AVAILABLE,49B-104.26,5000000,2000,2,0,2,0,0,5000000
54,TX-1312-54,"Phan Quang Long",0946656031,E-55452,"Bến xe Miền Đông mới","TP. Hồ Chí Minh ➔ Hà Nội",ON_TRIP,72B-100.54,5000000,2000,0,0,0,0,0,5000000
57,TX-1603-57,"Phan Quang Nam",0973470869,E-29429,"Hà Nội","Hà Nội ➔ Vũng Tàu",ON_TRIP,29B-100.57,5000000,2000,1,0,1,0,0,5000000
220,TX-9219-220,"Phan Quang Quang",0943939791,E-40684,"Bến xe Miền Đông mới","TP. Hồ Chí Minh ➔ Nha Trang",ON_TRIP,65B-102.20,5000000,2000,0,0,0,0,0,5000000
835,TX-3128-835,"Phan Quang Quang",0998370723,E-93168,"Bến xe phía Nam Nha Trang","Nha Trang ➔ Hà Nội",RESTING,79B-108.35,5000000,2000,2,0,2,0,0,5000000
939,TX-3639-939,"Phan Quang Quang",0986843756,E-31081,"Nha Trang","Nha Trang ➔ TP. Hồ Chí Minh",RESTING,79B-109.39,5000000,2000,1,0,1,0,0,5000000
520,TX-2216-520,"Phan Quang Quang",0925126936,E-45368,"TP. Hồ Chí Minh","TP. Hồ Chí Minh ➔ Đà Nẵng",ON_TRIP,51B-105.20,5000000,2000,7,0,7,0,0,5000000
238,TX-1177-238,"Phan Quang Tuấn",0946366039,E-50321,"Bến xe Liên tỉnh Đà Lạt","Đà Lạt ➔ Đà Nẵng",AVAILABLE,72B-102.38,5000000,2000,2,0,2,0,0,5000000
869,TX-6636-869,"Phan Quang Tuấn",0947483050,E-34250,"Bến xe Trung tâm Đà Nẵng","Đà Nẵng ➔ Cần Thơ",RESTING,43B-108.69,5000000,2000,1,0,1,0,0,5000000
565,TX-6704-565,"Phan Quang Thắng",0912716876,E-66236,"Bến xe phía Nam Nha Trang","Nha Trang ➔ Cần Thơ",ON_TRIP,43B-105.65,5000000,2000,0,0,0,0,0,5000000
562,TX-6418-562,"Phan Quang Thắng",0961275807,E-68535,"Bến xe Liên tỉnh Đà Lạt","Đà Lạt ➔ Hà Nội",RESTING,49B-105.62,5000000,2000,1,0,1,0,0,5000000
968,TX-6496-968,"Phan Quang Thắng",0916933877,E-48397,"Bến xe Miền Đông mới","TP. Hồ Chí Minh ➔ Phan Thiết",AVAILABLE,51B-109.68,5000000,2000,1,0,1,0,0,5000000
582,TX-8407-582,"Phan Quang Trung",0935403771,E-40798,"Vũng Tàu","Vũng Tàu ➔ Nha Trang",AVAILABLE,72B-105.82,5000000,2000,4,0,4,0,0,5000000
903,TX-0033-903,"Phan Quang Trung",0927264858,E-85288,"Phan Thiết","Phan Thiết ➔ Đà Nẵng",AVAILABLE,86B-109.03,5000000,2000,6,0,6,0,0,5000000
761,TX-5863-761,"Phan Quang Trung",0972333999,E-83072,"Hà Nội","Hà Nội ➔ TP. Hồ Chí Minh",ON_TRIP,29B-107.61,5000000,2000,3,0,3,0,0,5000000
999,TX-9413-999,"Phan Quang Trung",0928444468,E-52167,"Phan Thiết","Phan Thiết ➔ Hà Nội",ON_TRIP,86B-109.99,5000000,2000,2,0,2,0,0,5000000
698,TX-9652-698,"Phan Thành Hải",0929102001,E-87626,"Bến xe Liên tỉnh Đà Lạt","Đà Lạt ➔ Vũng Tàu",RESTING,49B-106.98,5000000,2000,1,0,1,0,0,5000000
928,TX-2531-928,"Phan Thành Hải",0918639101,E-99504,"TP. Hồ Chí Minh","TP. Hồ Chí Minh ➔ Phan Thiết",AVAILABLE,51B-109.28,5000000,2000,18,0,18,0,0,5000000
158,TX-2378-158,"Phan Thành Nam",0987187962,E-28951,"Bến xe phía Nam Nha Trang","Nha Trang ➔ Cần Thơ",ON_TRIP,72B-101.58,5000000,2000,0,0,0,0,0,5000000
110,TX-7098-110,"Phan Thành Phong",0991350154,E-53457,"Bến xe Vũng Tàu","Đà Nẵng ➔ Vũng Tàu",AVAILABLE,72B-101.10,5000000,2000,0,0,0,0,0,5000000
394,TX-8296-394,"Phan Thành Quang",0954091071,E-68128,"Bến xe Mỹ Đình","Đà Lạt ➔ Hà Nội",AVAILABLE,49B-103.94,5000000,2000,1,0,1,0,0,5000000
302,TX-8235-302,"Phan Thành Quang",0943132132,E-11649,"Bến xe Vũng Tàu","Đà Nẵng ➔ Vũng Tàu",AVAILABLE,72B-103.02,5000000,2000,0,0,0,0,0,5000000
763,TX-6070-763,"Phan Thành Sơn",0975666383,E-61098,"Bến xe Phan Thiết","Nha Trang ➔ Phan Thiết",RESTING,79B-107.63,5000000,2000,2,0,2,0,0,5000000
768,TX-6558-768,"Phan Thành Sơn",0915728761,E-96446,"TP. Hồ Chí Minh","TP. Hồ Chí Minh ➔ Nha Trang",AVAILABLE,51B-107.68,5000000,2000,0,0,0,0,0,5000000
821,TX-1711-821,"Phan Thành Tuấn",0912988033,E-41173,"Bến xe Trung tâm Đà Nẵng","Đà Nẵng ➔ Hà Nội",RESTING,43B-108.21,5000000,2000,2,0,2,0,0,5000000
471,TX-6992-471,"Phan Thành Tuấn",0942153565,E-79850,"Bến xe Trung tâm Cần Thơ","Phan Thiết ➔ Cần Thơ",RESTING,86B-104.71,5000000,2000,1,0,1,0,0,5000000
541,TX-4361-541,"Phan Thành Thắng",0977048419,E-90574,"Bến xe Trung tâm Đà Nẵng","ALL",ON_TRIP,43B-105.41,5000000,2000,2,0,2,0,0,5000000
680,TX-7942-680,"Phan Thành Trung",0985184783,E-67472,"Bến xe Trung tâm Đà Nẵng","TP. Hồ Chí Minh ➔ Đà Nẵng",AVAILABLE,51B-106.80,5000000,2000,0,0,0,0,0,5000000
817,TX-1312-817,"Phan Văn Dũng",0960389683,E-79597,"Hà Nội","Hà Nội ➔ Cần Thơ",ON_TRIP,29B-108.17,5000000,2000,1,0,1,0,0,5000000
145,TX-0854-145,"Phan Văn Dũng",0917891096,E-95066,"Bến xe Miền Đông mới","TP. Hồ Chí Minh ➔ Hà Nội",ON_TRIP,29B-101.45,5000000,2000,1,0,1,0,0,5000000
805,TX-0125-805,"Phan Văn Dũng",0931924219,E-68204,"Đà Nẵng","Đà Nẵng ➔ TP. Hồ Chí Minh",ON_TRIP,43B-108.05,5000000,2000,6,0,6,0,0,5000000
447,TX-4270-447,"Phan Văn Dũng",0992253368,E-49635,"Bến xe Vũng Tàu","Phan Thiết ➔ Vũng Tàu",AVAILABLE,86B-104.47,5000000,2000,0,0,0,0,0,5000000
95,TX-5541-95,"Phan Văn Long",0977406462,E-98001,"Bến xe Trung tâm Cần Thơ","Đà Nẵng ➔ Cần Thơ",AVAILABLE,86B-100.95,5000000,2000,2,0,2,0,0,5000000
202,TX-7273-202,"Phan Văn Long",0918729990,E-47868,"Đà Lạt","Nha Trang ➔ Đà Lạt",AVAILABLE,49B-102.02,5000000,2000,0,0,0,0,0,5000000
284,TX-6233-284,"Phan Văn Long",0967476881,E-17808,"Bến xe Mỹ Đình","ALL",ON_TRIP,65B-102.84,5000000,2000,3,0,3,0,0,5000000
307,TX-8786-307,"Phan Văn Long",0951339100,E-54401,"Bến xe Trung tâm Cần Thơ","Cần Thơ ➔ Hà Nội",ON_TRIP,79B-103.07,5000000,2000,2,0,2,0,0,5000000
129,TX-9102-129,"Phan Văn Long",0951010186,E-82683,"Bến xe phía Nam Nha Trang","Cần Thơ ➔ Nha Trang",AVAILABLE,29B-101.29,5000000,2000,0,0,0,0,0,5000000
892,TX-8937-892,"Phan Văn Nam",0984948162,E-42254,"Bến xe Vũng Tàu","Cần Thơ ➔ Vũng Tàu",AVAILABLE,65B-108.92,5000000,2000,1,0,1,0,0,5000000
72,TX-3120-72,"Phan Văn Nam",0977287637,E-35700,"Bến xe phía Nam Nha Trang","Đà Nẵng ➔ Nha Trang",AVAILABLE,51B-100.72,5000000,2000,1,0,1,0,0,5000000
368,TX-5439-368,"Phan Văn Phong",0940903304,E-93368,"Bến xe Miền Đông mới","Nha Trang ➔ TP. Hồ Chí Minh",AVAILABLE,51B-103.68,5000000,2000,0,0,0,0,0,5000000
469,TX-6765-469,"Phan Văn Phong",0955642980,E-13279,"Cần Thơ","Cần Thơ ➔ Nha Trang",RESTING,43B-104.69,5000000,2000,1,0,1,0,0,5000000
611,TX-1301-611,"Phan Văn Phong",0961044498,E-50955,"Nha Trang","Nha Trang ➔ Đà Lạt",ON_TRIP,79B-106.11,5000000,2000,2,0,2,0,0,5000000
899,TX-9632-899,"Phan Văn Phong",0938458377,E-56203,"Nha Trang","Nha Trang ➔ Đà Nẵng",AVAILABLE,79B-108.99,5000000,2000,4,0,4,0,0,5000000
914,TX-1125-914,"Phan Văn Phong",0920477144,E-24141,"Bến xe Liên tỉnh Đà Lạt","Đà Lạt ➔ Vũng Tàu",RESTING,49B-109.14,5000000,2000,1,0,1,0,0,5000000
533,TX-3547-533,"Phan Văn Phong",0928302136,E-64351,"Bến xe Phan Thiết","Phan Thiết ➔ Đà Lạt",AVAILABLE,43B-105.33,5000000,2000,2,0,2,0,0,5000000
859,TX-5603-859,"Phan Văn Sơn",0939279990,E-68310,"Bến xe Miền Đông mới","Nha Trang ➔ TP. Hồ Chí Minh",RESTING,79B-108.59,5000000,2000,1,0,1,0,0,5000000
762,TX-5967-762,"Phan Văn Trung",0997964997,E-68941,"Bến xe Miền Đông mới","Đà Lạt ➔ TP. Hồ Chí Minh",RESTING,49B-107.62,5000000,2000,1,0,1,0,0,5000000
413,TX-0382-413,"Trần Anh Hải",0972118525,E-81914,"Bến xe phía Nam Nha Trang","Nha Trang ➔ Vũng Tàu",RESTING,43B-104.13,5000000,2000,1,0,1,0,0,5000000
989,TX-8473-989,"Trần Anh Long",0985954463,E-11506,"Bến xe Trung tâm Đà Nẵng","Đà Nẵng ➔ Cần Thơ",RESTING,43B-109.89,5000000,2000,3,0,3,0,0,5000000
616,TX-1782-616,"Trần Anh Long",0988568694,E-57987,"Bến xe Miền Đông mới","TP. Hồ Chí Minh ➔ Đà Nẵng",ON_TRIP,51B-106.16,5000000,2000,1,0,1,0,0,5000000
784,TX-8128-784,"Trần Anh Nam",0994721453,E-44368,"Bến xe Liên tỉnh Đà Lạt","TP. Hồ Chí Minh ➔ Đà Lạt",AVAILABLE,51B-107.84,5000000,2000,1,0,1,0,0,5000000
548,TX-5068-548,"Trần Anh Nam",0935128407,E-32637,"Cần Thơ","Cần Thơ ➔ Đà Nẵng",ON_TRIP,65B-105.48,5000000,2000,1,0,1,0,0,5000000
802,TX-9842-802,"Trần Anh Phong",0925029493,E-95196,"Bến xe phía Nam Nha Trang","Đà Lạt ➔ Nha Trang",ON_TRIP,49B-108.02,5000000,2000,0,0,0,0,0,5000000
119,TX-8052-119,"Trần Anh Phong",0981048559,E-25885,"Vũng Tàu","Vũng Tàu ➔ Phan Thiết",ON_TRIP,86B-101.19,5000000,2000,0,0,0,0,0,5000000
233,TX-0589-233,"Trần Anh Phong",0961355289,E-96088,"Hà Nội","Hà Nội ➔ Cần Thơ",ON_TRIP,29B-102.33,5000000,2000,1,0,1,0,0,5000000
729,TX-2644-729,"Trần Anh Quang",0957548012,E-20967,"Bến xe Miền Đông mới","Hà Nội ➔ TP. Hồ Chí Minh",ON_TRIP,29B-107.29,5000000,2000,2,0,2,0,0,5000000
702,TX-0029-702,"Trần Anh Quang",0982784469,E-10180,"Bến xe Vũng Tàu","Vũng Tàu ➔ TP. Hồ Chí Minh",RESTING,72B-107.02,5000000,2000,1,0,1,0,0,5000000
295,TX-7459-295,"Trần Anh Quang",0948143079,E-30666,"Bến xe Liên tỉnh Đà Lạt","Vũng Tàu ➔ Đà Lạt",AVAILABLE,86B-102.95,5000000,2000,1,0,1,0,0,5000000
118,TX-7947-118,"Trần Anh Sơn",0947536919,E-82799,"Hà Nội","Hà Nội ➔ Đà Lạt",ON_TRIP,72B-101.18,5000000,2000,0,0,0,0,0,5000000
689,TX-8804-689,"Trần Anh Sơn",0957825320,E-52049,"Hà Nội","Hà Nội ➔ TP. Hồ Chí Minh",ON_TRIP,29B-106.89,5000000,2000,3,0,3,0,0,5000000
232,TX-0482-232,"Trần Anh Sơn",0971680998,E-85196,"Bến xe Trung tâm Cần Thơ","Nha Trang ➔ Cần Thơ",AVAILABLE,51B-102.32,5000000,2000,0,0,0,0,0,5000000
815,TX-1113-815,"Trần Anh Sơn",0979889888,E-56388,"Bến xe Phan Thiết","Phan Thiết ➔ Vũng Tàu",RESTING,86B-108.15,5000000,2000,1,0,1,0,0,5000000
260,TX-3565-260,"Trần Anh Tuấn",0994285944,E-61315,"Cần Thơ","Cần Thơ ➔ Đà Nẵng",ON_TRIP,65B-102.60,5000000,2000,3,0,3,0,0,5000000
908,TX-0533-908,"Trần Anh Tuấn",0981870771,E-42582,"Cần Thơ","Cần Thơ ➔ Nha Trang",ON_TRIP,65B-109.08,5000000,2000,2,0,2,0,0,5000000
140,TX-0293-140,"Trần Anh Tuấn",0955576955,E-90481,"Bến xe Liên tỉnh Đà Lạt","Đà Lạt ➔ Phan Thiết",ON_TRIP,65B-101.40,5000000,2000,0,0,0,0,0,5000000
612,TX-1395-612,"Trần Anh Tuấn",0964782360,E-41594,"Cần Thơ","Cần Thơ ➔ Hà Nội",ON_TRIP,65B-106.12,5000000,2000,2,0,2,0,0,5000000
551,TX-5358-551,"Trần Anh Thắng",0925402206,E-63291,"Bến xe Liên tỉnh Đà Lạt","Phan Thiết ➔ Đà Lạt",AVAILABLE,86B-105.51,5000000,2000,0,0,0,0,0,5000000
647,TX-4707-647,"Trần Anh Trung",0911314176,E-72767,"Bến xe Trung tâm Cần Thơ","Phan Thiết ➔ Cần Thơ",RESTING,86B-106.47,5000000,2000,6,0,6,0,0,5000000
862,TX-5919-862,"Trần Đức Hải",0988977244,E-33459,"Bến xe phía Nam Nha Trang","Vũng Tàu ➔ Nha Trang",AVAILABLE,72B-108.62,5000000,2000,0,0,0,0,0,5000000
19,TX-7865-19,"Trần Đức Hải",0993597573,E-62483,"Bến xe Mỹ Đình","ALL",ON_TRIP,79B-100.19,5000000,2000,2,0,2,0,0,5000000
949,TX-4649-949,"Trần Đức Hải",0969141848,E-28011,"Đà Nẵng","Đà Nẵng ➔ Phan Thiết",AVAILABLE,43B-109.49,5000000,2000,7,0,7,0,0,5000000
848,TX-4467-848,"Trần Đức Long",0965104051,E-15179,"TP. Hồ Chí Minh","TP. Hồ Chí Minh ➔ Cần Thơ",ON_TRIP,51B-108.48,5000000,2000,2,0,2,0,0,5000000
113,TX-7420-113,"Trần Đức Phong",0911976669,E-82707,"Hà Nội","Hà Nội ➔ Cần Thơ",ON_TRIP,29B-101.13,5000000,2000,1,0,1,0,0,5000000
200,TX-7059-200,"Trần Đức Phong",0910773535,E-97823,"Bến xe Trung tâm Cần Thơ","Cần Thơ ➔ Phan Thiết",ON_TRIP,51B-102.00,5000000,2000,0,0,0,0,0,5000000
973,TX-6965-973,"Trần Đức Quang",0981593962,E-64008,"Bến xe phía Nam Nha Trang","Đà Nẵng ➔ Nha Trang",AVAILABLE,43B-109.73,5000000,2000,0,0,0,0,0,5000000
352,TX-3743-352,"Trần Đức Quang",0962712196,E-51356,"Đà Nẵng","Đà Nẵng ➔ Vũng Tàu",AVAILABLE,51B-103.52,5000000,2000,4,0,4,0,0,5000000
389,TX-7753-389,"Trần Đức Thắng",0978165865,E-10147,"Bến xe Mỹ Đình","ALL",ON_TRIP,43B-103.89,5000000,2000,2,0,2,0,0,5000000
886,TX-8335-886,"Trần Đức Trung",0971995733,E-65896,"Vũng Tàu","Vũng Tàu ➔ Đà Nẵng",ON_TRIP,72B-108.86,5000000,2000,1,0,1,0,0,5000000
74,TX-3314-74,"Trần Đức Trung",0997563003,E-22682,"Bến xe Trung tâm Đà Nẵng","Vũng Tàu ➔ Đà Nẵng",AVAILABLE,49B-100.74,5000000,2000,0,0,0,0,0,5000000
342,TX-2626-342,"Trần Hải Dũng",0952776490,E-96637,"Bến xe Vũng Tàu","Vũng Tàu ➔ Nha Trang",RESTING,72B-103.42,5000000,2000,4,0,4,0,0,5000000
392,TX-8075-392,"Trần Hải Hải",0963909121,E-35656,"Bến xe Liên tỉnh Đà Lạt","Đà Lạt ➔ Phan Thiết",AVAILABLE,51B-103.92,5000000,2000,1,0,1,0,0,5000000
712,TX-0990-712,"Trần Hải Long",0934185539,E-60780,"Bến xe Miền Đông mới","TP. Hồ Chí Minh ➔ Cần Thơ",AVAILABLE,51B-107.12,5000000,2000,2,1,1,170,340000,5340000
8,TX-6758-8,"Trần Hải Long",0985424792,E-14753,"Bến xe Vũng Tàu","Vũng Tàu ➔ Đà Nẵng",ON_TRIP,51B-100.08,5000000,2000,0,0,0,0,0,5000000
818,TX-1411-818,"Trần Hải Nam",0995260363,E-63491,"Đà Lạt","Đà Lạt ➔ Hà Nội",ON_TRIP,49B-108.18,5000000,2000,3,0,3,0,0,5000000
922,TX-1931-922,"Trần Hải Nam",0960993709,E-97612,"Đà Lạt","Đà Lạt ➔ Cần Thơ",ON_TRIP,49B-109.22,5000000,2000,4,0,4,0,0,5000000
172,TX-4002-172,"Trần Hải Phong",0957047392,E-91205,"Bến xe Trung tâm Đà Nẵng","Nha Trang ➔ Đà Nẵng",RESTING,65B-101.72,5000000,2000,1,0,1,0,0,5000000
785,TX-8222-785,"Trần Hải Quang",0997405470,E-94489,"Bến xe Trung tâm Cần Thơ","Hà Nội ➔ Cần Thơ",ON_TRIP,29B-107.85,5000000,2000,1,0,1,0,0,5000000
857,TX-5406-857,"Trần Hải Sơn",0948042610,E-39049,"Hà Nội","Hà Nội ➔ Phan Thiết",ON_TRIP,29B-108.57,5000000,2000,5,0,5,0,0,5000000
755,TX-5278-755,"Trần Hải Thắng",0960471169,E-62252,"Bến xe phía Nam Nha Trang","Nha Trang ➔ Đà Nẵng",AVAILABLE,79B-107.55,5000000,2000,0,0,0,0,0,5000000
2,TX-6143-2,"Trần Hải Trung",0946311031,E-23527,"Bến xe Miền Đông mới","TP. Hồ Chí Minh ➔ Đà Nẵng",ON_TRIP,49B-100.02,5000000,2000,0,0,0,0,0,5000000
757,TX-5466-757,"Trần Hải Trung",0915924260,E-57833,"Bến xe Trung tâm Đà Nẵng","Đà Nẵng ➔ Đà Lạt",AVAILABLE,43B-107.57,5000000,2000,2,0,2,0,0,5000000
245,TX-1961-245,"Trần Hữu Long",0954543040,E-65020,"Bến xe Phan Thiết","Đà Lạt ➔ Phan Thiết",RESTING,43B-102.45,5000000,2000,1,0,1,0,0,5000000
511,TX-1277-511,"Trần Hữu Nam",0967660395,E-34706,"Bến xe Vũng Tàu","Phan Thiết ➔ Vũng Tàu",RESTING,86B-105.11,5000000,2000,2,0,2,0,0,5000000
382,TX-6998-382,"Trần Hữu Phong",0920055103,E-39074,"Vũng Tàu","Vũng Tàu ➔ Cần Thơ",ON_TRIP,72B-103.82,5000000,2000,8,0,8,0,0,5000000
628,TX-2909-628,"Trần Hữu Phong",0919476389,E-47311,"Cần Thơ","Cần Thơ ➔ TP. Hồ Chí Minh",AVAILABLE,65B-106.28,5000000,2000,5,0,5,0,0,5000000
566,TX-6799-566,"Trần Hữu Quang",0952777275,E-12180,"Bến xe Mỹ Đình","Vũng Tàu ➔ Hà Nội",ON_TRIP,72B-105.66,5000000,2000,1,0,1,0,0,5000000
736,TX-3357-736,"Trần Hữu Sơn",0930472772,E-51322,"Bến xe Miền Đông mới","TP. Hồ Chí Minh ➔ Đà Lạt",AVAILABLE,51B-107.36,5000000,2000,1,0,1,0,0,5000000
136,TX-9851-136,"Trần Hữu Sơn",0920270607,E-95061,"Vũng Tàu","Vũng Tàu ➔ Nha Trang",AVAILABLE,51B-101.36,5000000,2000,4,0,4,0,0,5000000
577,TX-7892-577,"Trần Hữu Sơn",0931001886,E-36669,"Hà Nội","Hà Nội ➔ Đà Lạt",ON_TRIP,29B-105.77,5000000,2000,1,0,1,0,0,5000000
479,TX-7967-479,"Trần Hữu Tuấn",0950045284,E-35283,"Bến xe phía Nam Nha Trang","Phan Thiết ➔ Nha Trang",AVAILABLE,86B-104.79,5000000,2000,0,0,0,0,0,5000000
402,TX-9172-402,"Trần Hữu Thắng",0958765566,E-45073,"Đà Lạt","Đà Lạt ➔ Đà Nẵng",ON_TRIP,49B-104.02,5000000,2000,1,0,1,0,0,5000000
958,TX-5553-958,"Trần Hữu Thắng",0928401278,E-64675,"Vũng Tàu","Vũng Tàu ➔ Cần Thơ",AVAILABLE,72B-109.58,5000000,2000,17,0,17,0,0,5000000
706,TX-0408-706,"Trần Hữu Thắng",0962045338,E-96781,"Đà Lạt","Đà Lạt ➔ Đà Nẵng",AVAILABLE,49B-107.06,5000000,2000,1,0,1,0,0,5000000
951,TX-4853-951,"Trần Hữu Trung",0973359393,E-88817,"Bến xe Phan Thiết","Phan Thiết ➔ Vũng Tàu",AVAILABLE,86B-109.51,5000000,2000,10,0,10,0,0,5000000
529,TX-3128-529,"Trần Minh Dũng",0978180057,E-31953,"Bến xe Liên tỉnh Đà Lạt","Nha Trang ➔ Đà Lạt",AVAILABLE,29B-105.29,5000000,2000,0,0,0,0,0,5000000
655,TX-5475-655,"Trần Minh Dũng",0967603137,E-19199,"Bến xe Phan Thiết","Phan Thiết ➔ Đà Lạt",RESTING,86B-106.55,5000000,2000,1,0,1,0,0,5000000
975,TX-7152-975,"Trần Minh Hải",0945883291,E-17333,"Bến xe Phan Thiết","Phan Thiết ➔ TP. Hồ Chí Minh",RESTING,86B-109.75,5000000,2000,9,0,9,0,0,5000000
362,TX-4794-362,"Trần Minh Hải",0928122970,E-88836,"Bến xe Vũng Tàu","Vũng Tàu ➔ TP. Hồ Chí Minh",AVAILABLE,49B-103.62,5000000,2000,0,0,0,0,0,5000000
575,TX-7690-575,"Trần Minh Hải",0935495674,E-64442,"Phan Thiết","Phan Thiết ➔ Nha Trang",AVAILABLE,86B-105.75,5000000,2000,2,0,2,0,0,5000000
4,TX-6346-4,"Trần Minh Nam",0926700824,E-55366,"Vũng Tàu","TP. Hồ Chí Minh ➔ Vũng Tàu",AVAILABLE,65B-100.04,5000000,2000,17,0,17,0,0,5000000
976,TX-7247-976,"Trần Minh Phong",0968847637,E-74084,"TP. Hồ Chí Minh","TP. Hồ Chí Minh ➔ Hà Nội",ON_TRIP,51B-109.76,5000000,2000,2,0,2,0,0,5000000
861,TX-5819-861,"Trần Minh Phong",0999262522,E-19182,"Đà Nẵng","Đà Nẵng ➔ Phan Thiết",ON_TRIP,43B-108.61,5000000,2000,6,0,6,0,0,5000000
393,TX-8182-393,"Trần Minh Sơn",0987209729,E-16471,"Bến xe Trung tâm Đà Nẵng","Đà Nẵng ➔ Vũng Tàu",RESTING,29B-103.93,5000000,2000,1,0,1,0,0,5000000
179,TX-4759-179,"Trần Minh Sơn",0958708765,E-72377,"Bến xe Vũng Tàu","Cần Thơ ➔ Vũng Tàu",AVAILABLE,79B-101.79,5000000,2000,0,0,0,0,0,5000000
215,TX-8688-215,"Trần Minh Tuấn",0951299617,E-69020,"Bến xe Trung tâm Đà Nẵng","Đà Lạt ➔ Đà Nẵng",RESTING,86B-102.15,5000000,2000,1,0,1,0,0,5000000
945,TX-4241-945,"Trần Minh Trung",0945082701,E-46697,"Hà Nội","Hà Nội ➔ Cần Thơ",ON_TRIP,29B-109.45,5000000,2000,2,0,2,0,0,5000000
80,TX-3946-80,"Trần Quang Dũng",0911263404,E-74871,"Bến xe Phan Thiết","Phan Thiết ➔ Cần Thơ",ON_TRIP,51B-100.80,5000000,2000,0,0,0,0,0,5000000
387,TX-7527-387,"Trần Quang Phong",0994338864,E-31145,"Bến xe phía Nam Nha Trang","Vũng Tàu ➔ Nha Trang",AVAILABLE,79B-103.87,5000000,2000,1,0,1,0,0,5000000
713,TX-1083-713,"Trần Quang Tuấn",0997768340,E-30472,"Hà Nội","Hà Nội ➔ TP. Hồ Chí Minh",ON_TRIP,29B-107.13,5000000,2000,2,0,2,0,0,5000000
648,TX-4802-648,"Trần Quang Tuấn",0934505343,E-18534,"Bến xe Miền Đông mới","TP. Hồ Chí Minh ➔ Nha Trang",AVAILABLE,51B-106.48,5000000,2000,1,0,1,0,0,5000000
169,TX-3698-169,"Trần Quang Tuấn",0934583750,E-95467,"Bến xe Trung tâm Đà Nẵng","Đà Nẵng ➔ Vũng Tàu",ON_TRIP,29B-101.69,5000000,2000,0,0,0,0,0,5000000
773,TX-7052-773,"Trần Quang Tuấn",0988870636,E-41313,"Đà Nẵng","Đà Nẵng ➔ Vũng Tàu",ON_TRIP,43B-107.73,5000000,2000,3,0,3,0,0,5000000
375,TX-6227-375,"Trần Quang Thắng",0915464606,E-10397,"Bến xe Vũng Tàu","Vũng Tàu ➔ Đà Lạt",AVAILABLE,86B-103.75,5000000,2000,0,0,0,0,0,5000000
576,TX-7786-576,"Trần Quang Thắng",0923295527,E-16559,"TP. Hồ Chí Minh","TP. Hồ Chí Minh ➔ Đà Nẵng",ON_TRIP,51B-105.76,5000000,2000,5,0,5,0,0,5000000
276,TX-5348-276,"Trần Quang Trung",0972909613,E-45680,"Bến xe Phan Thiết","Phan Thiết ➔ Vũng Tàu",AVAILABLE,65B-102.76,5000000,2000,0,0,0,0,0,5000000
796,TX-9279-796,"Trần Quang Trung",0988820227,E-72241,"Cần Thơ","Cần Thơ ➔ TP. Hồ Chí Minh",AVAILABLE,65B-107.96,5000000,2000,7,0,7,0,0,5000000
291,TX-7016-291,"Trần Thành Dũng",0970823265,E-87096,"Bến xe Vũng Tàu","Vũng Tàu ➔ Đà Lạt",AVAILABLE,79B-102.91,5000000,2000,0,0,0,0,0,5000000
779,TX-7643-779,"Trần Thành Dũng",0934534913,E-23844,"Bến xe phía Nam Nha Trang","Nha Trang ➔ TP. Hồ Chí Minh",RESTING,79B-107.79,5000000,2000,1,1,0,430,860000,5860000
597,TX-9964-597,"Trần Thành Hải",0940360920,E-80182,"Bến xe Trung tâm Cần Thơ","Cần Thơ ➔ Phan Thiết",AVAILABLE,43B-105.97,5000000,2000,0,0,0,0,0,5000000
277,TX-5472-277,"Trần Thành Hải",0948231282,E-84187,"Bến xe Phan Thiết","Phan Thiết ➔ Vũng Tàu",ON_TRIP,43B-102.77,5000000,2000,1,0,1,0,0,5000000
345,TX-2976-345,"Trần Thành Hải",0998783997,E-53507,"Bến xe Miền Đông mới","Hà Nội ➔ TP. Hồ Chí Minh",AVAILABLE,29B-103.45,5000000,2000,2,0,2,0,0,5000000
293,TX-7231-293,"Trần Thành Hải",0948767489,E-91539,"Bến xe Mỹ Đình","Đà Nẵng ➔ Hà Nội",AVAILABLE,43B-102.93,5000000,2000,2,0,2,0,0,5000000
722,TX-1943-722,"Trần Thành Long",0948629141,E-51638,"Đà Lạt","Đà Lạt ➔ Vũng Tàu",AVAILABLE,49B-107.22,5000000,2000,2,0,2,0,0,5000000
844,TX-4060-844,"Trần Thành Phong",0971518615,E-73229,"Bến xe Trung tâm Cần Thơ","Cần Thơ ➔ Vũng Tàu",AVAILABLE,65B-108.44,5000000,2000,0,0,0,0,0,5000000
790,TX-8697-790,"Trần Thành Phong",0972099528,E-57783,"Bến xe Vũng Tàu","Vũng Tàu ➔ Nha Trang",AVAILABLE,72B-107.90,5000000,2000,0,0,0,0,0,5000000
374,TX-6119-374,"Trần Thành Phong",0928547239,E-21639,"Bến xe Vũng Tàu","Vũng Tàu ➔ Đà Lạt",RESTING,72B-103.74,5000000,2000,1,0,1,0,0,5000000
681,TX-8039-681,"Trần Thành Sơn",0930167787,E-49342,"Hà Nội","Hà Nội ➔ Nha Trang",ON_TRIP,29B-106.81,5000000,2000,1,0,1,0,0,5000000
904,TX-0133-904,"Trần Văn Long",0936740693,E-91159,"Bến xe Miền Đông mới","TP. Hồ Chí Minh ➔ Vũng Tàu",AVAILABLE,51B-109.04,5000000,2000,1,0,1,0,0,5000000
43,TX-0218-43,"Trần Văn Long",0950041072,E-78415,"Bến xe Miền Đông mới","TP. Hồ Chí Minh ➔ Vũng Tàu",ON_TRIP,79B-100.43,5000000,2000,0,0,0,0,0,5000000
780,TX-7741-780,"Trần Văn Quang",0945755424,E-36469,"Bến xe Vũng Tàu","Cần Thơ ➔ Vũng Tàu",AVAILABLE,65B-107.80,5000000,2000,1,1,0,220,440000,5440000
677,TX-7638-677,"Trần Văn Tuấn",0982998728,E-32336,"Bến xe Phan Thiết","Đà Nẵng ➔ Phan Thiết",ON_TRIP,43B-106.77,5000000,2000,1,0,1,0,0,5000000
654,TX-5377-654,"Trần Văn Tuấn",0982215277,E-72611,"Bến xe Trung tâm Đà Nẵng","Vũng Tàu ➔ Đà Nẵng",ON_TRIP,72B-106.54,5000000,2000,0,0,0,0,0,5000000
104,TX-6476-104,"Trần Văn Thắng",0972853128,E-14263,"Bến xe Phan Thiết","Vũng Tàu ➔ Phan Thiết",AVAILABLE,51B-101.04,5000000,2000,0,0,0,0,0,5000000
643,TX-4322-643,"Trần Văn Trung",0982709570,E-10834,"Nha Trang","Nha Trang ➔ TP. Hồ Chí Minh",AVAILABLE,79B-106.43,5000000,2000,7,0,7,0,0,5000000
524,TX-2624-524,"Võ Anh Hải",0999173440,E-53094,"Cần Thơ","Cần Thơ ➔ Vũng Tàu",ON_TRIP,65B-105.24,5000000,2000,18,0,18,0,0,5000000
567,TX-6902-567,"Võ Anh Long",0942109781,E-58288,"Bến xe Phan Thiết","Phan Thiết ➔ Cần Thơ",RESTING,86B-105.67,5000000,2000,1,0,1,0,0,5000000
193,TX-6296-193,"Võ Anh Nam",0916255373,E-63433,"Hà Nội","Hà Nội ➔ TP. Hồ Chí Minh",ON_TRIP,29B-101.93,5000000,2000,1,0,1,0,0,5000000
930,TX-2728-930,"Võ Anh Nam",0999956386,E-68394,"Đà Lạt","Đà Lạt ➔ Phan Thiết",ON_TRIP,49B-109.30,5000000,2000,14,0,14,0,0,5000000
851,TX-4794-851,"Võ Anh Phong",0952401197,E-68490,"Bến xe Liên tỉnh Đà Lạt","Nha Trang ➔ Đà Lạt",RESTING,79B-108.51,5000000,2000,1,0,1,0,0,5000000
234,TX-0714-234,"Võ Anh Quang",0969920885,E-99720,"Bến xe Trung tâm Đà Nẵng","TP. Hồ Chí Minh ➔ Đà Nẵng",AVAILABLE,49B-102.34,5000000,2000,2,0,2,0,0,5000000
979,TX-7531-979,"Võ Anh Sơn",0996327772,E-18356,"Bến xe phía Nam Nha Trang","Nha Trang ➔ Hà Nội",RESTING,79B-109.79,5000000,2000,3,0,3,0,0,5000000
978,TX-7437-978,"Võ Anh Sơn",0981886890,E-96731,"Bến xe Vũng Tàu","Đà Lạt ➔ Vũng Tàu",AVAILABLE,49B-109.78,5000000,2000,0,0,0,0,0,5000000
555,TX-5734-555,"Võ Anh Sơn",0993882337,E-28412,"Nha Trang","Nha Trang ➔ Hà Nội",ON_TRIP,79B-105.55,5000000,2000,5,0,5,0,0,5000000
285,TX-6346-285,"Võ Anh Sơn",0921362699,E-72112,"Bến xe Phan Thiết","Phan Thiết ➔ Hà Nội",ON_TRIP,43B-102.85,5000000,2000,2,0,2,0,0,5000000
340,TX-2419-340,"Võ Anh Tuấn",0956764432,E-46569,"Bến xe Vũng Tàu","Nha Trang ➔ Vũng Tàu",RESTING,65B-103.40,5000000,2000,2,1,1,360,720000,5720000
49,TX-0816-49,"Võ Anh Tuấn",0951328419,E-35946,"Hà Nội","Hà Nội ➔ Đà Nẵng",ON_TRIP,29B-100.49,5000000,2000,0,0,0,0,0,5000000
732,TX-2947-732,"Võ Anh Tuấn",0970868111,E-30206,"Cần Thơ","Cần Thơ ➔ Hà Nội",ON_TRIP,65B-107.32,5000000,2000,2,0,2,0,0,5000000
263,TX-3937-263,"Võ Anh Trung",0991468534,E-84380,"TP. Hồ Chí Minh","TP. Hồ Chí Minh ➔ Cần Thơ",AVAILABLE,86B-102.63,5000000,2000,8,0,8,0,0,5000000
164,TX-3127-164,"Võ Anh Trung",0948988240,E-53706,"Bến xe Trung tâm Cần Thơ","Vũng Tàu ➔ Cần Thơ",AVAILABLE,65B-101.64,5000000,2000,0,0,0,0,0,5000000
714,TX-1177-714,"Võ Đức Dũng",0930766340,E-99936,"Bến xe Liên tỉnh Đà Lạt","Đà Lạt ➔ Phan Thiết",AVAILABLE,49B-107.14,5000000,2000,1,0,1,0,0,5000000
600,TX-0250-600,"Võ Đức Dũng",0966062326,E-25968,"TP. Hồ Chí Minh","TP. Hồ Chí Minh ➔ Đà Nẵng",ON_TRIP,51B-106.00,5000000,2000,2,0,2,0,0,5000000
304,TX-8460-304,"Võ Đức Hải",0915983474,E-13630,"Bến xe Trung tâm Cần Thơ","Cần Thơ ➔ Đà Lạt",AVAILABLE,51B-103.04,5000000,2000,2,0,2,0,0,5000000
343,TX-2756-343,"Võ Đức Hải",0911994246,E-14628,"Bến xe phía Nam Nha Trang","Nha Trang ➔ Cần Thơ",AVAILABLE,86B-103.43,5000000,2000,1,0,1,0,0,5000000
559,TX-6129-559,"Võ Đức Long",0984112263,E-54433,"Phan Thiết","Phan Thiết ➔ Đà Nẵng",ON_TRIP,86B-105.59,5000000,2000,2,0,2,0,0,5000000
358,TX-4375-358,"Võ Đức Nam",0911875170,E-90796,"Bến xe Vũng Tàu","Nha Trang ➔ Vũng Tàu",RESTING,72B-103.58,5000000,2000,1,0,1,0,0,5000000
105,TX-6575-105,"Võ Đức Phong",0973615897,E-14439,"Hà Nội","Hà Nội ➔ TP. Hồ Chí Minh",ON_TRIP,29B-101.05,5000000,2000,0,0,0,0,0,5000000
77,TX-3619-77,"Võ Đức Phong",0954058508,E-23517,"Bến xe Mỹ Đình","Nha Trang ➔ Hà Nội",AVAILABLE,43B-100.77,5000000,2000,2,0,2,0,0,5000000
579,TX-8097-579,"Võ Đức Quang",0943357594,E-22341,"Bến xe Vũng Tàu","Nha Trang ➔ Vũng Tàu",RESTING,79B-105.79,5000000,2000,1,0,1,0,0,5000000
572,TX-7407-572,"Võ Đức Sơn",0988175428,E-92234,"Cần Thơ","Cần Thơ ➔ TP. Hồ Chí Minh",AVAILABLE,65B-105.72,5000000,2000,0,0,0,0,0,5000000
397,TX-8619-397,"Võ Đức Tuấn",0971008814,E-90765,"Đà Lạt","TP. Hồ Chí Minh ➔ Đà Lạt",AVAILABLE,43B-103.97,5000000,2000,2,0,2,0,0,5000000
204,TX-7485-204,"Võ Đức Thắng",0932232689,E-77900,"Bến xe Trung tâm Đà Nẵng","Đà Nẵng ➔ Hà Nội",ON_TRIP,65B-102.04,5000000,2000,0,0,0,0,0,5000000
228,TX-0045-228,"Võ Đức Thắng",0981201697,E-50553,"Bến xe Phan Thiết","Phan Thiết ➔ TP. Hồ Chí Minh",AVAILABLE,65B-102.28,5000000,2000,2,0,2,0,0,5000000
325,TX-0821-325,"Võ Đức Thắng",0998155982,E-24013,"Đà Nẵng","Đà Nẵng ➔ Vũng Tàu",ON_TRIP,43B-103.25,5000000,2000,2,0,2,0,0,5000000
406,TX-9614-406,"Võ Đức Trung",0939523813,E-58892,"Bến xe phía Nam Nha Trang","Vũng Tàu ➔ Nha Trang",RESTING,72B-104.06,5000000,2000,2,0,2,0,0,5000000
852,TX-4895-852,"Võ Hải Dũng",0988445240,E-21085,"Bến xe Phan Thiết","Cần Thơ ➔ Phan Thiết",AVAILABLE,65B-108.52,5000000,2000,2,0,2,0,0,5000000
188,TX-5760-188,"Võ Hải Hải",0910604674,E-19962,"Bến xe phía Nam Nha Trang","Nha Trang ➔ Đà Nẵng",ON_TRIP,65B-101.88,5000000,2000,0,0,0,0,0,5000000
534,TX-3643-534,"Võ Hải Phong",0969469400,E-70914,"Vũng Tàu","Vũng Tàu ➔ Đà Lạt",ON_TRIP,72B-105.34,5000000,2000,4,0,4,0,0,5000000
764,TX-6166-764,"Võ Hải Phong",0984944970,E-12760,"Bến xe phía Nam Nha Trang","Cần Thơ ➔ Nha Trang",RESTING,65B-107.64,5000000,2000,1,0,1,0,0,5000000
574,TX-7595-574,"Võ Hải Phong",0972026028,E-64982,"Vũng Tàu","Vũng Tàu ➔ Hà Nội",ON_TRIP,72B-105.74,5000000,2000,3,0,3,0,0,5000000
29,TX-8848-29,"Võ Hải Quang",0961147915,E-20500,"Bến xe Liên tỉnh Đà Lạt","Đà Lạt ➔ Hà Nội",ON_TRIP,43B-100.29,5000000,2000,1,0,1,0,0,5000000
323,TX-0574-323,"Võ Hải Sơn",0960166403,E-37497,"Bến xe Phan Thiết","Phan Thiết ➔ Hà Nội",ON_TRIP,79B-103.23,5000000,2000,1,0,1,0,0,5000000
871,TX-6838-871,"Võ Hải Sơn",0996554307,E-61060,"Phan Thiết","Phan Thiết ➔ Hà Nội",ON_TRIP,86B-108.71,5000000,2000,1,0,1,0,0,5000000
563,TX-6513-563,"Võ Hải Sơn",0915461880,E-41966,"Bến xe Liên tỉnh Đà Lạt","Nha Trang ➔ Đà Lạt",AVAILABLE,79B-105.63,5000000,2000,1,0,1,0,0,5000000
476,TX-7530-476,"Võ Hải Thắng",0954795648,E-54308,"Bến xe Trung tâm Cần Thơ","Cần Thơ ➔ TP. Hồ Chí Minh",RESTING,65B-104.76,5000000,2000,1,0,1,0,0,5000000
593,TX-9587-593,"Võ Hải Trung",0974997023,E-23407,"Bến xe Liên tỉnh Đà Lạt","Hà Nội ➔ Đà Lạt",AVAILABLE,29B-105.93,5000000,2000,2,0,2,0,0,5000000
498,TX-9913-498,"Võ Hữu Dũng",0989859455,E-92348,"Phan Thiết","Đà Lạt ➔ Phan Thiết",AVAILABLE,49B-104.98,5000000,2000,2,0,2,0,0,5000000
89,TX-4893-89,"Võ Hữu Hải",0947233538,E-55702,"Hà Nội","Hà Nội ➔ Đà Lạt",ON_TRIP,29B-100.89,5000000,2000,1,0,1,0,0,5000000
747,TX-4441-747,"Võ Hữu Hải",0931733801,E-30058,"Bến xe phía Nam Nha Trang","Nha Trang ➔ Phan Thiết",RESTING,79B-107.47,5000000,2000,1,0,1,0,0,5000000
683,TX-8238-683,"Võ Hữu Phong",0925881131,E-57736,"Bến xe Trung tâm Cần Thơ","Nha Trang ➔ Cần Thơ",AVAILABLE,79B-106.83,5000000,2000,0,0,0,0,0,5000000
56,TX-1506-56,"Võ Hữu Sơn",0937376586,E-40949,"Nha Trang","Nha Trang ➔ Cần Thơ",ON_TRIP,51B-100.56,5000000,2000,0,0,0,0,0,5000000
653,TX-5283-653,"Võ Hữu Sơn",0968380729,E-94342,"Bến xe Trung tâm Đà Nẵng","Đà Nẵng ➔ Đà Lạt",AVAILABLE,43B-106.53,5000000,2000,1,0,1,0,0,5000000
509,TX-1063-509,"Võ Hữu Sơn",0967763499,E-17123,"Bến xe Phan Thiết","Đà Lạt ➔ Phan Thiết",AVAILABLE,43B-105.09,5000000,2000,1,1,0,160,320000,5320000
486,TX-8697-486,"Võ Hữu Thắng",0950201140,E-97290,"Vũng Tàu","Vũng Tàu ➔ Đà Lạt",AVAILABLE,72B-104.86,5000000,2000,9,0,9,0,0,5000000
288,TX-6681-288,"Võ Hữu Thắng",0986773130,E-80085,"Bến xe phía Nam Nha Trang","Nha Trang ➔ Đà Lạt",AVAILABLE,51B-102.88,5000000,2000,2,0,2,0,0,5000000
452,TX-4818-452,"Võ Hữu Trung",0938453662,E-87569,"Đà Nẵng","Đà Nẵng ➔ TP. Hồ Chí Minh",ON_TRIP,65B-104.52,5000000,2000,3,0,3,0,0,5000000
650,TX-4998-650,"Võ Minh Dũng",0930091881,E-23201,"Đà Lạt","Đà Lạt ➔ Cần Thơ",AVAILABLE,49B-106.50,5000000,2000,2,0,2,0,0,5000000
399,TX-8843-399,"Võ Minh Hải",0936465745,E-29751,"Phan Thiết","Phan Thiết ➔ TP. Hồ Chí Minh",AVAILABLE,86B-103.99,5000000,2000,10,0,10,0,0,5000000
269,TX-4586-269,"Võ Minh Long",0985457068,E-42185,"Bến xe Vũng Tàu","Vũng Tàu ➔ Hà Nội",ON_TRIP,43B-102.69,5000000,2000,1,0,1,0,0,5000000
214,TX-8567-214,"Võ Minh Long",0980357438,E-41574,"Bến xe Phan Thiết","Đà Nẵng ➔ Phan Thiết",AVAILABLE,72B-102.14,5000000,2000,1,0,1,0,0,5000000
159,TX-2506-159,"Võ Minh Long",0964260829,E-83478,"Bến xe Liên tỉnh Đà Lạt","Đà Lạt ➔ Nha Trang",ON_TRIP,86B-101.59,5000000,2000,0,0,0,0,0,5000000
624,TX-2534-624,"Võ Minh Long",0936520706,E-27378,"TP. Hồ Chí Minh","TP. Hồ Chí Minh ➔ Phan Thiết",ON_TRIP,51B-106.24,5000000,2000,2,0,2,0,0,5000000
310,TX-9125-310,"Võ Minh Long",0955321476,E-17969,"Bến xe Vũng Tàu","Phan Thiết ➔ Vũng Tàu",AVAILABLE,72B-103.10,5000000,2000,1,0,1,0,0,5000000
556,TX-5830-556,"Võ Minh Nam",0971333634,E-61932,"Bến xe Trung tâm Cần Thơ","Cần Thơ ➔ TP. Hồ Chí Minh",RESTING,65B-105.56,5000000,2000,7,0,7,0,0,5000000
299,TX-7910-299,"Võ Minh Phong",0978656045,E-89056,"Bến xe Trung tâm Đà Nẵng","Đà Nẵng ➔ TP. Hồ Chí Minh",ON_TRIP,79B-102.99,5000000,2000,0,0,0,0,0,5000000
846,TX-4260-846,"Võ Minh Quang",0959609499,E-39714,"Bến xe Vũng Tàu","Vũng Tàu ➔ TP. Hồ Chí Minh",AVAILABLE,72B-108.46,5000000,2000,1,0,1,0,0,5000000
195,TX-6526-195,"Võ Minh Quang",0931317385,E-15122,"Bến xe Miền Đông mới","Đà Lạt ➔ TP. Hồ Chí Minh",AVAILABLE,79B-101.95,5000000,2000,0,0,0,0,0,5000000
311,TX-9250-311,"Võ Minh Sơn",0998839623,E-27964,"Bến xe Liên tỉnh Đà Lạt","Đà Nẵng ➔ Đà Lạt",AVAILABLE,86B-103.11,5000000,2000,0,0,0,0,0,5000000
93,TX-5329-93,"Võ Minh Sơn",0982892594,E-75431,"Bến xe Miền Đông mới","Cần Thơ ➔ TP. Hồ Chí Minh",AVAILABLE,43B-100.93,5000000,2000,0,0,0,0,0,5000000
508,TX-0952-508,"Võ Minh Tuấn",0944575234,E-76578,"Bến xe Trung tâm Cần Thơ","Cần Thơ ➔ Phan Thiết",AVAILABLE,65B-105.08,5000000,2000,1,0,1,0,0,5000000
460,TX-5673-460,"Võ Minh Tuấn",0946549887,E-23151,"Bến xe Phan Thiết","Phan Thiết ➔ Đà Lạt",AVAILABLE,65B-104.60,5000000,2000,0,0,0,0,0,5000000
791,TX-8792-791,"Võ Minh Trung",0953413664,E-21010,"Bến xe Liên tỉnh Đà Lạt","Phan Thiết ➔ Đà Lạt",AVAILABLE,86B-107.91,5000000,2000,0,0,0,0,0,5000000
185,TX-5432-185,"Võ Minh Trung",0971083416,E-19869,"Đà Lạt","Đà Lạt ➔ Cần Thơ",AVAILABLE,29B-101.85,5000000,2000,7,0,7,0,0,5000000
349,TX-3412-349,"Võ Quang Dũng",0969449021,E-96867,"Bến xe Mỹ Đình","Đà Nẵng ➔ Hà Nội",RESTING,43B-103.49,5000000,2000,2,0,2,0,0,5000000
149,TX-1287-149,"Võ Quang Hải",0930829377,E-29504,"Bến xe Phan Thiết","TP. Hồ Chí Minh ➔ Phan Thiết",ON_TRIP,43B-101.49,5000000,2000,1,0,1,0,0,5000000
856,TX-5305-856,"Võ Quang Long",0956283042,E-63223,"Bến xe Mỹ Đình","TP. Hồ Chí Minh ➔ Hà Nội",ON_TRIP,51B-108.56,5000000,2000,2,0,2,0,0,5000000
545,TX-4771-545,"Võ Quang Long",0960340215,E-50127,"Bến xe phía Nam Nha Trang","Hà Nội ➔ Nha Trang",AVAILABLE,29B-105.45,5000000,2000,2,0,2,0,0,5000000
48,TX-0714-48,"Võ Quang Quang",0927232461,E-50948,"Vũng Tàu","Vũng Tàu ➔ Phan Thiết",ON_TRIP,51B-100.48,5000000,2000,0,0,0,0,0,5000000
931,TX-2833-931,"Võ Quang Sơn",0928210495,E-12937,"Nha Trang","Nha Trang ➔ Phan Thiết",ON_TRIP,79B-109.31,5000000,2000,14,0,14,0,0,5000000
992,TX-8755-992,"Võ Quang Sơn",0937565804,E-95527,"Bến xe Miền Đông mới","TP. Hồ Chí Minh ➔ Đà Lạt",RESTING,51B-109.92,5000000,2000,5,0,5,0,0,5000000
540,TX-4259-540,"Võ Quang Tuấn",0953303616,E-80180,"Bến xe Trung tâm Cần Thơ","Cần Thơ ➔ Vũng Tàu",RESTING,65B-105.40,5000000,2000,1,0,1,0,0,5000000
800,TX-9654-800,"Võ Quang Thắng",0956158485,E-66673,"TP. Hồ Chí Minh","TP. Hồ Chí Minh ➔ Cần Thơ",AVAILABLE,51B-108.00,5000000,2000,2,0,2,0,0,5000000
570,TX-7214-570,"Võ Quang Trung",0947215158,E-13229,"Bến xe Liên tỉnh Đà Lạt","Đà Lạt ➔ Phan Thiết",AVAILABLE,49B-105.70,5000000,2000,0,0,0,0,0,5000000
953,TX-5059-953,"Võ Quang Trung",0926535340,E-82817,"Bến xe Phan Thiết","Hà Nội ➔ Phan Thiết",ON_TRIP,29B-109.53,5000000,2000,1,0,1,0,0,5000000
184,TX-5322-184,"Võ Quang Trung",0943119746,E-84583,"Bến xe Trung tâm Đà Nẵng","Đà Nẵng ➔ Vũng Tàu",ON_TRIP,51B-101.84,5000000,2000,0,0,0,0,0,5000000
674,TX-7332-674,"Võ Thành Dũng",0948216184,E-13733,"Đà Lạt","Đà Lạt ➔ Nha Trang",AVAILABLE,49B-106.74,5000000,2000,3,0,3,0,0,5000000
148,TX-1179-148,"Võ Thành Dũng",0973405686,E-96764,"Bến xe Trung tâm Đà Nẵng","Vũng Tàu ➔ Đà Nẵng",AVAILABLE,65B-101.48,5000000,2000,0,0,0,0,0,5000000
236,TX-0934-236,"Võ Thành Dũng",0953709058,E-26237,"Cần Thơ","Cần Thơ ➔ Hà Nội",ON_TRIP,65B-102.36,5000000,2000,1,0,1,0,0,5000000
804,TX-0031-804,"Võ Thành Dũng",0939309910,E-26513,"Cần Thơ","Cần Thơ ➔ Phan Thiết",ON_TRIP,65B-108.04,5000000,2000,1,0,1,0,0,5000000
660,TX-5954-660,"Võ Thành Hải",0974478642,E-96996,"Cần Thơ","Cần Thơ ➔ Hà Nội",ON_TRIP,65B-106.60,5000000,2000,2,0,2,0,0,5000000
290,TX-6906-290,"Võ Thành Hải",0940930687,E-76603,"TP. Hồ Chí Minh","Đà Nẵng ➔ TP. Hồ Chí Minh",RESTING,49B-102.90,5000000,2000,1,0,1,0,0,5000000
170,TX-3795-170,"Võ Thành Long",0948831358,E-52781,"Bến xe Miền Đông mới","Vũng Tàu ➔ TP. Hồ Chí Minh",AVAILABLE,49B-101.70,5000000,2000,1,0,1,0,0,5000000
767,TX-6459-767,"Võ Thành Nam",0922219696,E-37943,"Bến xe Miền Đông mới","Phan Thiết ➔ TP. Hồ Chí Minh",AVAILABLE,86B-107.67,5000000,2000,0,0,0,0,0,5000000
414,TX-0488-414,"Võ Thành Quang",0993361675,E-89243,"Bến xe Phan Thiết","Vũng Tàu ➔ Phan Thiết",AVAILABLE,72B-104.14,5000000,2000,1,0,1,0,0,5000000
338,TX-2205-338,"Võ Thành Sơn",0943582931,E-36241,"Bến xe phía Nam Nha Trang","Nha Trang ➔ Phan Thiết",AVAILABLE,49B-103.38,5000000,2000,1,0,1,0,0,5000000
226,TX-9841-226,"Võ Thành Sơn",0932447526,E-95538,"Bến xe Mỹ Đình","ALL",ON_TRIP,49B-102.26,5000000,2000,3,0,3,0,0,5000000
503,TX-0436-503,"Võ Thành Tuấn",0955213154,E-79975,"Bến xe Phan Thiết","Phan Thiết ➔ Đà Nẵng",ON_TRIP,86B-105.03,5000000,2000,1,0,1,0,0,5000000
730,TX-2742-730,"Võ Thành Thắng",0994899536,E-72345,"Bến xe Vũng Tàu","Đà Lạt ➔ Vũng Tàu",RESTING,49B-107.30,5000000,2000,1,0,1,0,0,5000000
318,TX-0018-318,"Võ Văn Dũng",0974833238,E-50814,"Bến xe Phan Thiết","Phan Thiết ➔ Đà Lạt",ON_TRIP,72B-103.18,5000000,2000,0,0,0,0,0,5000000
678,TX-7739-678,"Võ Văn Dũng",0934041306,E-96690,"Bến xe Miền Đông mới","Vũng Tàu ➔ TP. Hồ Chí Minh",AVAILABLE,72B-106.78,5000000,2000,0,0,0,0,0,5000000
203,TX-7388-203,"Võ Văn Hải",0958259428,E-84006,"Bến xe Vũng Tàu","Cần Thơ ➔ Vũng Tàu",ON_TRIP,79B-102.03,5000000,2000,0,0,0,0,0,5000000
176,TX-4429-176,"Võ Văn Long",0989602104,E-34961,"Bến xe Trung tâm Đà Nẵng","Phan Thiết ➔ Đà Nẵng",AVAILABLE,51B-101.76,5000000,2000,1,0,1,0,0,5000000
696,TX-9465-696,"Võ Văn Long",0966889392,E-85457,"TP. Hồ Chí Minh","TP. Hồ Chí Minh ➔ Cần Thơ",ON_TRIP,51B-106.96,5000000,2000,1,0,1,0,0,5000000
434,TX-2745-434,"Võ Văn Nam",0916291709,E-70336,"Bến xe Vũng Tàu","Đà Lạt ➔ Vũng Tàu",AVAILABLE,49B-104.34,5000000,2000,4,0,4,0,0,5000000
507,TX-0848-507,"Võ Văn Sơn",0974511294,E-50543,"Nha Trang","Nha Trang ➔ Hà Nội",ON_TRIP,79B-105.07,5000000,2000,4,0,4,0,0,5000000
934,TX-3133-934,"Võ Văn Sơn",0924233237,E-18777,"Bến xe Trung tâm Đà Nẵng","Vũng Tàu ➔ Đà Nẵng",RESTING,72B-109.34,5000000,2000,2,0,2,0,0,5000000
221,TX-9326-221,"Võ Văn Sơn",0965233381,E-75514,"Bến xe Miền Đông mới","TP. Hồ Chí Minh ➔ Cần Thơ",AVAILABLE,43B-102.21,5000000,2000,2,0,2,0,0,5000000
991,TX-8661-991,"Võ Văn Sơn",0973496464,E-20513,"Bến xe Phan Thiết","Phan Thiết ➔ Nha Trang",AVAILABLE,86B-109.91,5000000,2000,9,0,9,0,0,5000000
319,TX-0123-319,"Võ Văn Tuấn",0940273815,E-85970,"Bến xe Trung tâm Đà Nẵng","Đà Nẵng ➔ Hà Nội",RESTING,86B-103.19,5000000,2000,2,0,2,0,0,5000000
360,TX-4575-360,"Võ Văn Thắng",0912500855,E-49070,"Đà Lạt","Đà Lạt ➔ TP. Hồ Chí Minh",ON_TRIP,51B-103.60,5000000,2000,8,0,8,0,0,5000000
749,TX-4667-749,"Võ Văn Thắng",0919018226,E-89487,"Bến xe Miền Đông mới","Đà Nẵng ➔ TP. Hồ Chí Minh",ON_TRIP,43B-107.49,5000000,2000,2,0,2,0,0,5000000
826,TX-2223-826,"Võ Văn Thắng",0928957560,E-49997,"Đà Lạt","Đà Lạt ➔ TP. Hồ Chí Minh",AVAILABLE,49B-108.26,5000000,2000,7,0,7,0,0,5000000
273,TX-5017-273,"Võ Văn Trung",0997653089,E-62058,"Hà Nội","Hà Nội ➔ TP. Hồ Chí Minh",ON_TRIP,29B-102.73,5000000,2000,0,0,0,0,0,5000000
448,TX-4377-448,"Võ Văn Trung",0914468312,E-71694,"Bến xe Miền Đông mới","TP. Hồ Chí Minh ➔ Đà Lạt",AVAILABLE,51B-104.48,5000000,2000,0,0,0,0,0,5000000
735,TX-3254-735,"Vũ Anh Dũng",0977744418,E-38340,"Bến xe Trung tâm Đà Nẵng","Phan Thiết ➔ Đà Nẵng",AVAILABLE,86B-107.35,5000000,2000,3,0,3,0,0,5000000
766,TX-6361-766,"Vũ Anh Dũng",0974720405,E-36077,"Vũng Tàu","Vũng Tàu ➔ Hà Nội",ON_TRIP,72B-107.66,5000000,2000,1,0,1,0,0,5000000
788,TX-8509-788,"Vũ Anh Dũng",0981875836,E-52360,"Bến xe Liên tỉnh Đà Lạt","Cần Thơ ➔ Đà Lạt",AVAILABLE,65B-107.88,5000000,2000,1,0,1,0,0,5000000
961,TX-5834-961,"Vũ Anh Nam",0975338372,E-16264,"Hà Nội","Hà Nội ➔ TP. Hồ Chí Minh",ON_TRIP,29B-109.61,5000000,2000,2,0,2,0,0,5000000
491,TX-9219-491,"Vũ Anh Nam",0927895679,E-48331,"Nha Trang","Nha Trang ➔ Cần Thơ",ON_TRIP,79B-104.91,5000000,2000,5,0,5,0,0,5000000
912,TX-0930-912,"Vũ Anh Phong",0983166023,E-66911,"Bến xe Phan Thiết","TP. Hồ Chí Minh ➔ Phan Thiết",AVAILABLE,51B-109.12,5000000,2000,1,0,1,0,0,5000000
36,TX-9525-36,"Vũ Anh Quang",0943097158,E-88952,"Bến xe Trung tâm Cần Thơ","Cần Thơ ➔ TP. Hồ Chí Minh",ON_TRIP,65B-100.36,5000000,2000,0,0,0,0,0,5000000
490,TX-9122-490,"Vũ Anh Quang",0956878330,E-26492,"Bến xe Trung tâm Đà Nẵng","Đà Lạt ➔ Đà Nẵng",ON_TRIP,49B-104.90,5000000,2000,0,0,0,0,0,5000000
633,TX-3379-633,"Vũ Anh Sơn",0910851708,E-97849,"Hà Nội","Hà Nội ➔ Đà Lạt",ON_TRIP,29B-106.33,5000000,2000,1,0,1,0,0,5000000
361,TX-4684-361,"Vũ Anh Tuấn",0952688997,E-83820,"Bến xe Trung tâm Cần Thơ","Hà Nội ➔ Cần Thơ",AVAILABLE,29B-103.61,5000000,2000,2,0,2,0,0,5000000
174,TX-4220-174,"Vũ Anh Tuấn",0989670796,E-63887,"Bến xe Trung tâm Cần Thơ","Cần Thơ ➔ Hà Nội",ON_TRIP,72B-101.74,5000000,2000,1,0,1,0,0,5000000
797,TX-9374-797,"Vũ Anh Tuấn",0981668895,E-40938,"Đà Nẵng","Đà Nẵng ➔ Phan Thiết",ON_TRIP,43B-107.97,5000000,2000,3,0,3,0,0,5000000
823,TX-1907-823,"Vũ Anh Tuấn",0918389354,E-15005,"Bến xe Miền Đông mới","Phan Thiết ➔ TP. Hồ Chí Minh",RESTING,86B-108.23,5000000,2000,2,0,2,0,0,5000000
336,TX-1977-336,"Vũ Anh Thắng",0963420804,E-12237,"Bến xe Trung tâm Đà Nẵng","Đà Nẵng ➔ TP. Hồ Chí Minh",ON_TRIP,51B-103.36,5000000,2000,1,0,1,0,0,5000000
935,TX-3232-935,"Vũ Anh Thắng",0997631259,E-89019,"Bến xe Vũng Tàu","Phan Thiết ➔ Vũng Tàu",RESTING,86B-109.35,5000000,2000,1,0,1,0,0,5000000
242,TX-1653-242,"Vũ Đức Dũng",0987553475,E-19115,"Bến xe Vũng Tàu","Vũng Tàu ➔ Đà Nẵng",RESTING,49B-102.42,5000000,2000,1,0,1,0,0,5000000
229,TX-0160-229,"Vũ Đức Hải",0961532700,E-60374,"Bến xe Trung tâm Đà Nẵng","ALL",ON_TRIP,43B-102.29,5000000,2000,2,0,2,0,0,5000000
141,TX-0405-141,"Vũ Đức Phong",0935194757,E-13647,"Bến xe Miền Đông mới","TP. Hồ Chí Minh ➔ Phan Thiết",AVAILABLE,43B-101.41,5000000,2000,1,0,1,0,0,5000000
265,TX-4147-265,"Vũ Đức Sơn",0991628003,E-44662,"Bến xe Phan Thiết","Hà Nội ➔ Phan Thiết",AVAILABLE,29B-102.65,5000000,2000,2,0,2,0,0,5000000
39,TX-9823-39,"Vũ Đức Sơn",0951019990,E-93955,"Bến xe Trung tâm Đà Nẵng","Đà Lạt ➔ Đà Nẵng",AVAILABLE,86B-100.39,5000000,2000,1,0,1,0,0,5000000
380,TX-6786-380,"Vũ Đức Thắng",0914273702,E-47953,"Bến xe Liên tỉnh Đà Lạt","Đà Lạt ➔ Vũng Tàu",AVAILABLE,65B-103.80,5000000,2000,0,0,0,0,0,5000000
421,TX-1279-421,"Vũ Hải Dũng",0979290517,E-18872,"Bến xe Vũng Tàu","Vũng Tàu ➔ Đà Lạt",AVAILABLE,43B-104.21,5000000,2000,1,0,1,0,0,5000000
353,TX-3865-353,"Vũ Hải Hải",0993578384,E-63771,"Hà Nội","Hà Nội ➔ Cần Thơ",ON_TRIP,29B-103.53,5000000,2000,1,0,1,0,0,5000000
298,TX-7798-298,"Vũ Hải Hải",0957112801,E-89459,"Bến xe Liên tỉnh Đà Lạt","Đà Lạt ➔ Hà Nội",ON_TRIP,49B-102.98,5000000,2000,1,0,1,0,0,5000000
828,TX-2429-828,"Vũ Hải Long",0986826976,E-46913,"Bến xe Vũng Tàu","Cần Thơ ➔ Vũng Tàu",RESTING,65B-108.28,5000000,2000,1,0,1,0,0,5000000
675,TX-7441-675,"Vũ Hải Nam",0985746717,E-26229,"Bến xe phía Nam Nha Trang","Nha Trang ➔ Đà Lạt",AVAILABLE,79B-106.75,5000000,2000,2,0,2,0,0,5000000
664,TX-6334-664,"Vũ Hải Sơn",0952667425,E-19446,"Nha Trang","TP. Hồ Chí Minh ➔ Nha Trang",AVAILABLE,51B-106.64,5000000,2000,4,0,4,0,0,5000000
994,TX-8942-994,"Vũ Hải Sơn",0934679836,E-79492,"Đà Lạt","Đà Lạt ➔ Đà Nẵng",ON_TRIP,49B-109.94,5000000,2000,2,0,2,0,0,5000000
133,TX-9521-133,"Vũ Hải Sơn",0952715651,E-61103,"Bến xe Mỹ Đình","ALL",RESTING,43B-101.33,5000000,2000,1,0,1,0,0,5000000
741,TX-3850-741,"Vũ Hải Tuấn",0959205587,E-28325,"Bến xe Phan Thiết","Đà Nẵng ➔ Phan Thiết",RESTING,43B-107.41,5000000,2000,3,0,3,0,0,5000000
724,TX-2140-724,"Vũ Hải Tuấn",0946052911,E-48900,"Cần Thơ","Cần Thơ ➔ Đà Lạt",AVAILABLE,65B-107.24,5000000,2000,6,0,6,0,0,5000000
669,TX-6824-669,"Vũ Hải Tuấn",0976558996,E-98605,"Đà Nẵng","Đà Nẵng ➔ TP. Hồ Chí Minh",ON_TRIP,43B-106.69,5000000,2000,7,0,7,0,0,5000000
225,TX-9744-225,"Vũ Hải Thắng",0917338292,E-42724,"Bến xe Trung tâm Đà Nẵng","Đà Nẵng ➔ Phan Thiết",ON_TRIP,29B-102.25,5000000,2000,0,0,0,0,0,5000000
598,TX-0059-598,"Vũ Hải Trung",0952470402,E-25483,"Bến xe Vũng Tàu","Vũng Tàu ➔ Đà Nẵng",ON_TRIP,72B-105.98,5000000,2000,0,0,0,0,0,5000000
963,TX-6022-963,"Vũ Hữu Hải",0973372967,E-13191,"Bến xe Vũng Tàu","Nha Trang ➔ Vũng Tàu",ON_TRIP,79B-109.63,5000000,2000,0,0,0,0,0,5000000
708,TX-0609-708,"Vũ Hữu Hải",0986088324,E-84020,"Cần Thơ","Cần Thơ ➔ Nha Trang",ON_TRIP,65B-107.08,5000000,2000,1,0,1,0,0,5000000
88,TX-4782-88,"Vũ Hữu Long",0996451981,E-57656,"Bến xe Mỹ Đình","ALL",AVAILABLE,51B-100.88,5000000,2000,1,0,1,0,0,5000000
972,TX-6872-972,"Vũ Hữu Long",0922390916,E-61876,"Bến xe phía Nam Nha Trang","Cần Thơ ➔ Nha Trang",RESTING,65B-109.72,5000000,2000,1,0,1,0,0,5000000
26,TX-8548-26,"Vũ Hữu Nam",0910381383,E-69113,"Đà Lạt","Đà Lạt ➔ Nha Trang",ON_TRIP,49B-100.26,5000000,2000,0,0,0,0,0,5000000
441,TX-3604-441,"Vũ Hữu Nam",0936593390,E-39392,"Bến xe Trung tâm Cần Thơ","Cần Thơ ➔ Phan Thiết",RESTING,29B-104.41,5000000,2000,2,0,2,0,0,5000000
670,TX-6924-670,"Vũ Hữu Phong",0928513043,E-72697,"Bến xe Trung tâm Cần Thơ","Vũng Tàu ➔ Cần Thơ",AVAILABLE,72B-106.70,5000000,2000,0,0,0,0,0,5000000
602,TX-0447-602,"Vũ Hữu Phong",0995486948,E-25305,"Bến xe Liên tỉnh Đà Lạt","Đà Lạt ➔ TP. Hồ Chí Minh",RESTING,49B-106.02,5000000,2000,2,0,2,0,0,5000000
771,TX-6854-771,"Vũ Hữu Phong",0917943861,E-84609,"Nha Trang","Nha Trang ➔ Hà Nội",ON_TRIP,79B-107.71,5000000,2000,1,0,1,0,0,5000000
822,TX-1809-822,"Vũ Hữu Sơn",0942816707,E-32925,"Vũng Tàu","Vũng Tàu ➔ Hà Nội",ON_TRIP,72B-108.22,5000000,2000,2,0,2,0,0,5000000
721,TX-1843-721,"Vũ Hữu Tuấn",0927640752,E-20505,"Bến xe Liên tỉnh Đà Lạt","Hà Nội ➔ Đà Lạt",RESTING,29B-107.21,5000000,2000,2,0,2,0,0,5000000
876,TX-7335-876,"Vũ Hữu Tuấn",0925415023,E-82581,"Bến xe Trung tâm Cần Thơ","Cần Thơ ➔ TP. Hồ Chí Minh",AVAILABLE,65B-108.76,5000000,2000,1,0,1,0,0,5000000
986,TX-8192-986,"Vũ Minh Dũng",0982464471,E-54540,"Đà Lạt","Đà Lạt ➔ Vũng Tàu",AVAILABLE,49B-109.86,5000000,2000,10,0,10,0,0,5000000
463,TX-6036-463,"Vũ Minh Hải",0955891854,E-88576,"Bến xe Vũng Tàu","Phan Thiết ➔ Vũng Tàu",AVAILABLE,86B-104.63,5000000,2000,0,0,0,0,0,5000000
75,TX-3412-75,"Vũ Minh Hải",0933080529,E-38126,"Bến xe phía Nam Nha Trang","Đà Nẵng ➔ Nha Trang",AVAILABLE,79B-100.75,5000000,2000,0,0,0,0,0,5000000
974,TX-7058-974,"Vũ Minh Hải",0950080262,E-25317,"Vũng Tàu","Vũng Tàu ➔ Phan Thiết",AVAILABLE,72B-109.74,5000000,2000,19,0,19,0,0,5000000
772,TX-6955-772,"Vũ Minh Long",0937176592,E-52468,"Bến xe Trung tâm Cần Thơ","Cần Thơ ➔ Đà Lạt",AVAILABLE,65B-107.72,5000000,2000,0,0,0,0,0,5000000
106,TX-6672-106,"Vũ Minh Long",0962380149,E-29362,"Bến xe Vũng Tàu","Vũng Tàu ➔ Đà Nẵng",ON_TRIP,49B-101.06,5000000,2000,0,0,0,0,0,5000000
481,TX-8183-481,"Vũ Minh Nam",0934160070,E-63431,"Bến xe Phan Thiết","Phan Thiết ➔ Nha Trang",AVAILABLE,29B-104.81,5000000,2000,1,0,1,0,0,5000000
162,TX-2862-162,"Vũ Minh Nam",0921744445,E-14143,"Bến xe Vũng Tàu","Vũng Tàu ➔ Phan Thiết",AVAILABLE,49B-101.62,5000000,2000,0,0,0,0,0,5000000
537,TX-3938-537,"Vũ Minh Nam",0939571159,E-89645,"Hà Nội","Hà Nội ➔ TP. Hồ Chí Minh",ON_TRIP,29B-105.37,5000000,2000,4,0,4,0,0,5000000
53,TX-1216-53,"Vũ Minh Phong",0983461382,E-74759,"Bến xe Miền Đông mới","TP. Hồ Chí Minh ➔ Đà Lạt",ON_TRIP,43B-100.53,5000000,2000,0,0,0,0,0,5000000
525,TX-2724-525,"Vũ Minh Quang",0981120475,E-32351,"Bến xe Vũng Tàu","Vũng Tàu ➔ Đà Nẵng",ON_TRIP,43B-105.25,5000000,2000,1,0,1,0,0,5000000
705,TX-0315-705,"Vũ Minh Quang",0992378920,E-43070,"Hà Nội","Hà Nội ➔ Cần Thơ",ON_TRIP,29B-107.05,5000000,2000,1,0,1,0,0,5000000
444,TX-3946-444,"Vũ Minh Quang",0961663503,E-79848,"Bến xe Liên tỉnh Đà Lạt","Đà Lạt ➔ Cần Thơ",AVAILABLE,65B-104.44,5000000,2000,1,0,1,0,0,5000000
583,TX-8503-583,"Vũ Minh Tuấn",0986340988,E-71235,"Bến xe Phan Thiết","Phan Thiết ➔ Vũng Tàu",ON_TRIP,86B-105.83,5000000,2000,1,0,1,0,0,5000000
652,TX-5188-652,"Vũ Minh Trung",0929425862,E-51892,"Bến xe Trung tâm Cần Thơ","Cần Thơ ➔ Đà Nẵng",RESTING,65B-106.52,5000000,2000,1,0,1,0,0,5000000
472,TX-7100-472,"Vũ Minh Trung",0959773336,E-43734,"Bến xe phía Nam Nha Trang","TP. Hồ Chí Minh ➔ Nha Trang",RESTING,51B-104.72,5000000,2000,1,0,1,0,0,5000000
81,TX-4055-81,"Vũ Quang Hải",0927096847,E-57963,"Hà Nội","Hà Nội ➔ Đà Nẵng",ON_TRIP,29B-100.81,5000000,2000,0,0,0,0,0,5000000
371,TX-5789-371,"Vũ Quang Hải",0981571843,E-11320,"Bến xe Vũng Tàu","Vũng Tàu ➔ Cần Thơ",AVAILABLE,79B-103.71,5000000,2000,1,0,1,0,0,5000000
782,TX-7942-782,"Vũ Quang Phong",0914831936,E-12550,"Bến xe Vũng Tàu","Vũng Tàu ➔ TP. Hồ Chí Minh",RESTING,72B-107.82,5000000,2000,1,0,1,0,0,5000000
249,TX-2378-249,"Vũ Quang Phong",0921013152,E-63267,"Hà Nội","Hà Nội ➔ Cần Thơ",ON_TRIP,29B-102.49,5000000,2000,1,0,1,0,0,5000000
28,TX-8747-28,"Vũ Quang Phong",0961763313,E-37111,"Bến xe Mỹ Đình","ALL",ON_TRIP,65B-100.28,5000000,2000,2,0,2,0,0,5000000
116,TX-7725-116,"Vũ Quang Quang",0920086082,E-48352,"Bến xe Mỹ Đình","ALL",ON_TRIP,65B-101.16,5000000,2000,3,0,3,0,0,5000000
620,TX-2156-620,"Vũ Quang Sơn",0913777724,E-49679,"Cần Thơ","Cần Thơ ➔ Đà Lạt",ON_TRIP,65B-106.20,5000000,2000,7,0,7,0,0,5000000
16,TX-7562-16,"Vũ Quang Thắng",0921089595,E-57230,"Bến xe Liên tỉnh Đà Lạt","Đà Lạt ➔ Hà Nội",ON_TRIP,51B-100.16,5000000,2000,0,0,0,0,0,5000000
799,TX-9560-799,"Vũ Quang Thắng",0986458792,E-35680,"Phan Thiết","Phan Thiết ➔ Hà Nội",ON_TRIP,86B-107.99,5000000,2000,3,0,3,0,0,5000000
126,TX-8801-126,"Vũ Quang Trung",0915664173,E-46174,"Bến xe Trung tâm Cần Thơ","Đà Lạt ➔ Cần Thơ",AVAILABLE,72B-101.26,5000000,2000,0,0,0,0,0,5000000
196,TX-6639-196,"Vũ Thành Hải",0982620739,E-50505,"Bến xe Vũng Tàu","Phan Thiết ➔ Vũng Tàu",AVAILABLE,65B-101.96,5000000,2000,0,0,0,0,0,5000000
190,TX-5972-190,"Vũ Thành Hải",0954175046,E-30846,"Bến xe phía Nam Nha Trang","Nha Trang ➔ Đà Nẵng",ON_TRIP,72B-101.90,5000000,2000,0,0,0,0,0,5000000
181,TX-4986-181,"Vũ Thành Nam",0976398823,E-72428,"Bến xe Miền Đông mới","TP. Hồ Chí Minh ➔ Đà Lạt",AVAILABLE,43B-101.81,5000000,2000,1,0,1,0,0,5000000
860,TX-5722-860,"Vũ Thành Phong",0918613755,E-46626,"Nha Trang","Cần Thơ ➔ Nha Trang",RESTING,65B-108.60,5000000,2000,1,0,1,0,0,5000000
807,TX-0314-807,"Vũ Thành Quang",0979462622,E-78598,"Bến xe Phan Thiết","Phan Thiết ➔ Vũng Tàu",AVAILABLE,86B-108.07,5000000,2000,1,1,0,180,360000,5360000
101,TX-6160-101,"Vũ Thành Thắng",0996236741,E-76725,"Bến xe Trung tâm Cần Thơ","Cần Thơ ➔ Hà Nội",ON_TRIP,43B-101.01,5000000,2000,1,0,1,0,0,5000000
937,TX-3442-937,"Vũ Thành Thắng",0957937100,E-59146,"Bến xe Mỹ Đình","Hà Nội ➔ Đà Lạt",RESTING,29B-109.37,5000000,2000,1,0,1,0,0,5000000
820,TX-1611-820,"Vũ Văn Dũng",0955685754,E-45821,"Bến xe phía Nam Nha Trang","Cần Thơ ➔ Nha Trang",AVAILABLE,65B-108.20,5000000,2000,0,0,0,0,0,5000000
127,TX-8904-127,"Vũ Văn Hải",0939521073,E-35183,"Bến xe phía Nam Nha Trang","Hà Nội ➔ Nha Trang",AVAILABLE,86B-101.27,5000000,2000,2,0,2,0,0,5000000
339,TX-2316-339,"Vũ Văn Long",0991482643,E-54943,"Bến xe Trung tâm Đà Nẵng","Đà Nẵng ➔ TP. Hồ Chí Minh",ON_TRIP,79B-103.39,5000000,2000,1,0,1,0,0,5000000
878,TX-7536-878,"Vũ Văn Nam",0936937184,E-88706,"Bến xe Vũng Tàu","Vũng Tàu ➔ TP. Hồ Chí Minh",AVAILABLE,72B-108.78,5000000,2000,0,0,0,0,0,5000000
38,TX-9720-38,"Vũ Văn Nam",0934873890,E-89417,"Vũng Tàu","Vũng Tàu ➔ Nha Trang",ON_TRIP,72B-100.38,5000000,2000,0,0,0,0,0,5000000
37,TX-9625-37,"Vũ Văn Phong",0924640780,E-77566,"Bến xe Mỹ Đình","ALL",ON_TRIP,43B-100.37,5000000,2000,2,0,2,0,0,5000000
248,TX-2269-248,"Vũ Văn Phong",0946397574,E-20980,"Bến xe phía Nam Nha Trang","Đà Lạt ➔ Nha Trang",AVAILABLE,51B-102.48,5000000,2000,0,0,0,0,0,5000000
880,TX-7735-880,"Vũ Văn Phong",0917982067,E-51480,"Bến xe Vũng Tàu","TP. Hồ Chí Minh ➔ Vũng Tàu",AVAILABLE,51B-108.80,5000000,2000,1,0,1,0,0,5000000
3,TX-6244-3,"Vũ Văn Quang",0938936695,E-89931,"Bến xe Vũng Tàu","Đà Lạt ➔ Vũng Tàu",AVAILABLE,79B-100.03,5000000,2000,0,0,0,0,0,5000000
806,TX-0220-806,"Vũ Văn Quang",0949476681,E-56446,"Bến xe Miền Đông mới","Vũng Tàu ➔ TP. Hồ Chí Minh",RESTING,72B-108.06,5000000,2000,1,0,1,0,0,5000000
845,TX-4159-845,"Vũ Văn Sơn",0939826485,E-41882,"Bến xe Trung tâm Đà Nẵng","Đà Nẵng ➔ Cần Thơ",RESTING,43B-108.45,5000000,2000,1,0,1,0,0,5000000
733,TX-3046-733,"Vũ Văn Sơn",0946469145,E-91196,"Đà Nẵng","Đà Nẵng ➔ Nha Trang",ON_TRIP,43B-107.33,5000000,2000,4,0,4,0,0,5000000
546,TX-4873-546,"Vũ Văn Tuấn",0947672271,E-63156,"Đà Lạt","Đà Lạt ➔ Vũng Tàu",AVAILABLE,49B-105.46,5000000,2000,2,0,2,0,0,5000000
630,TX-3097-630,"Vũ Văn Trung",0974852362,E-89544,"Bến xe phía Nam Nha Trang","Vũng Tàu ➔ Nha Trang",AVAILABLE,72B-106.30,5000000,2000,1,0,1,0,0,5000000